Ashburton,At-Bashi,Copper,Godley,Grafe Peak,Halfafall,Hrafnabjorg,Jökulsá í Fljótsdal,Jökulsá í Lóni,Krossa,Matukituki,Pykkvabaejarklaustur,Rakaia Tributary 1,Rakaia Tributary 2,Rakaira Tributary 3,Rangitata,Skaftafell,Skeiðará Bridge,Son-Kul,Tasman,Tekapo,Waitaki,Waimakariri,Wgreenland,WGreenland 2,Meduna Right,Meduna Left,Silfrastadhir,Iceland 1,Iceland 2 ,Brahmaputra,Rangitata,Sag,Biatka,Delta,Koshi,Loup ,Ganges,Athabasca,Brahmaputra 2,Tanana,McKinley,White,Tanana Tributary,Susitina,Fiume Trionto,Torrente Satanasso,Fiumara Saraceno,Fiume Sarmento,SE Iceland,Knik
142,245,195,231,32,100,357,22,357,262,59,151,142,138,129,159,174,106,144,221,208,130,200,280,337,142,116,310,190,122,244,191,359,297,15,228,36,167,315,196,319,278,58,58,170,34,159,125,35,157,292
87,240,168,232,2,113,45,21,37,246,58,157,125,163,158,193,218,102,144,178,186,156,195,279,324,171,156,7,183,145,232,170,23,321,50,203,64,179,312,223,286,320,11,19,159,345,120,148,26,206,265
144,205,174,228,46,166,358,14,51,227,47,163,161,149,202,227,147,96,141,170,187,107,167,283,288,179,168,341,170,87,196,184,292,307,18,257,80,197,318,226,315,302,46,43,138,36,186,138,356,134,278
175,275,123,224,23,184,54,11,26,242,75,156,148,150,97,133,143,90,113,203,152,126,206,288,327,186,157,17,177,132,286,193,310,350,4,231,109,187,305,229,272,301,57,42,127,352,137,151,38,216,330
169,255,172,204,293,185,47,26,56,255,63,132,185,146,146,179,139,71,95,259,171,151,199,271,273,213,150,35,235,164,266,177,323,315,296,196,78,196,338,243,305,306,346,44,111,350,162,101,22,218,348
179,317,162,203,345,161,57,26,51,280,23,86,129,133,147,74,201,65,91,229,156,186,173,276,332,169,147,29,186,127,239,158,2,309,344,207,109,182,3,246,330,335,349,75,84,31,139,142,33,192,304
137,303,185,197,23,156,11,35,58,235,12,144,130,159,175,152,109,107,78,251,181,127,214,285,309,208,134,303,176,161,282,134,303,294,95,271,115,159,304,229,342,283,46,37,118,26,182,125,7,140,305
106,275,182,210,335,148,352,37,44,275,134,166,122,130,126,209,143,110,65,204,234,165,204,326,336,151,166,352,187,117,323,134,349,290,39,196,87,137,317,263,324,305,324,71,152,5,108,157,347,160,319
135,356,195,201,25,149,19,40,91,282,57,143,139,132,142,228,209,102,47,220,142,196,199,311,262,209,214,344,265,155,262,165,303,312,319,179,58,171,17,245,346,342,89,19,178,50,129,124,9,188,352
195,310,129,208,20,84,335,51,14,252,60,140,144,131,141,171,165,116,42,203,214,171,177,279,288,168,156,320,200,167,256,182,302,354,347,175,25,199,325,231,313,274,47,70,178,11,175,147,351,213,355
166,326,161,193,8,66,338,46,17,256,73,137,166,168,112,150,139,130,69,229,148,138,194,275,316,204,157,304,179,85,271,177,355,322,72,164,98,228,16,225,328,272,12,31,185,25,213,118,25,120,272
145,272,179,186,60,167,6,54,46,274,74,79,96,143,149,168,162,130,80,182,130,145,216,266,273,178,124,334,232,127,266,219,18,333,29,116,114,183,328,266,8,289,342,28,214,354,144,106,11,184,326
169,323,190,181,91,113,321,54,69,254,42,139,121,138,127,132,196,130,102,262,199,185,227,300,282,149,157,302,178,190,304,163,66,355,7,174,97,177,304,217,319,310,350,77,89,48,115,116,39,200,332
155,286,180,164,58,96,7,41,52,214,32,161,127,106,152,101,212,130,123,211,150,150,204,288,302,170,156,338,234,95,353,195,46,311,16,119,64,163,34,213,277,342,27,2,147,12,150,171,20,170,351
119,336,160,153,350,138,323,35,34,223,40,120,151,188,158,137,214,142,136,246,166,153,165,305,342,211,196,320,161,122,290,191,37,348,37,172,17,232,319,188,357,307,38,15,152,342,126,122,52,182,3
179,270,203,158,74,167,7,40,10,173,61,76,134,159,119,103,217,144,127,202,161,115,190,329,327,180,132,268,220,157,228,207,21,323,55,177,41,236,324,171,312,317,354,49,163,8,172,143,353,132,291
182,268,139,155,329,174,42,34,16,269,56,124,137,177,180,179,189,152,103,177,172,121,275,283,337,127,170,315,182,84,284,199,333,320,61,192,81,205,311,202,342,353,17,70,148,50,126,127,58,155,342
145,256,179,153,6,163,41,34,29,233,58,103,126,145,146,129,134,149,91,208,181,165,234,266,352,223,184,301,253,156,242,195,299,343,332,202,114,218,331,239,346,305,359,51,142,59,141,155,355,152,325
146,213,179,178,313,189,349,38,15,273,87,67,137,165,158,153,160,150,61,218,203,126,213,295,325,183,152,346,226,126,250,175,31,319,26,178,112,220,11,193,345,304,325,23,145,348,172,144,15,162,302
137,185,209,225,342,176,5,43,21,158,58,87,155,159,192,178,165,145,42,192,134,90,213,301,329,225,200,322,204,128,272,160,17,348,303,148,96,229,313,176,5,285,338,8,147,17,148,138,322,178,281
146,252,230,235,341,179,358,49,29,238,52,134,182,148,123,162,125,145,55,219,154,186,157,311,3,193,131,317,222,132,310,171,338,24,14,208,78,224,334,220,348,267,16,74,200,7,182,109,49,203,327
140,254,244,228,22,138,350,39,10,271,73,137,153,140,182,217,146,145,92,165,180,163,175,315,355,143,179,357,176,164,252,192,17,353,359,205,55,206,332,183,346,240,54,56,147,342,147,137,26,157,350
160,236,185,215,355,161,13,38,11,212,95,130,98,137,149,191,116,145,112,203,215,141,148,291,11,162,176,0,191,132,256,192,350,319,317,185,2,233,305,226,326,215,21,95,174,24,167,108,0,221,348
141,243,190,216,25,139,9,38,4,278,94,95,145,124,140,165,224,137,144,140,165,106,213,307,4,184,204,309,236,119,268,212,333,326,308,200,80,204,330,147,350,246,20,17,126,1,140,87,352,174,306
145,279,145,173,325,167,346,43,352,235,90,76,130,176,138,169,169,130,161,217,161,143,221,307,17,149,155,346,173,180,303,224,345,332,4,178,111,195,20,161,334,267,340,72,114,57,181,100,17,180,355
141,208,164,179,359,77,0,44,23,262,98,148,128,186,171,134,183,109,131,199,159,81,239,315,334,221,131,341,217,177,318,210,335,349,70,162,57,188,297,216,291,281,22,67,163,10,221,146,27,148,290
210,227,143,194,54,89,40,52,358,296,91,89,166,175,149,103,153,129,101,167,205,113,215,341,1,192,131,333,183,94,238,203,13,25,333,152,104,190,357,161,330,312,317,350,112,23,180,162,349,196,289
138,262,201,186,14,109,82,57,33,257,62,109,165,155,132,170,183,132,88,177,132,158,158,2,312,105,147,310,174,122,203,202,354,22,296,140,27,194,322,234,351,281,350,20,152,342,181,149,7,250,250
104,240,147,186,323,102,67,57,316,290,73,148,139,166,184,106,156,149,108,174,201,200,187,357,48,148,169,318,227,156,266,177,9,352,344,152,71,204,331,159,337,319,63,56,144,27,126,156,340,234,283
103,261,140,170,3,111,66,64,48,195,71,89,176,184,157,100,176,171,131,194,144,172,177,347,318,161,127,279,211,123,196,171,344,15,327,169,91,140,308,231,310,294,345,351,129,7,153,131,35,215,285
161,293,253,216,63,140,32,62,67,228,62,109,148,177,111,147,178,153,177,215,196,154,215,351,5,184,138,334,191,80,238,144,346,5,313,180,98,186,353,170,354,272,15,66,208,41,189,179,19,202,282
148,256,191,171,16,145,25,78,343,274,66,148,161,159,143,122,143,148,188,150,166,114,119,307,298,203,172,314,176,165,277,129,287,8,315,200,75,169,7,194,306,305,345,359,178,64,172,111,347,220,251
139,230,213,159,317,150,358,81,61,255,103,178,90,93,171,90,176,137,109,209,198,138,157,330,349,166,174,8,214,129,314,128,6,1,334,234,55,162,309,218,3,337,303,341,210,1,155,143,54,189,288
137,230,212,140,16,171,15,83,50,228,122,194,123,130,188,120,171,127,109,190,215,92,70,267,355,219,143,347,173,118,247,150,355,358,4,255,115,156,330,194,343,296,339,341,207,43,175,154,333,177,272
179,302,246,150,49,130,16,84,356,271,119,164,142,114,170,138,201,122,101,196,134,126,129,251,335,194,159,297,236,148,201,166,318,3,56,226,94,166,238,205,327,320,334,3,167,20,105,160,7,161,281
209,293,140,147,338,114,357,75,23,285,137,131,150,163,194,159,156,129,96,141,139,111,193,285,358,170,136,352,207,82,159,178,313,37,21,212,74,183,304,214,324,287,9,33,132,25,169,163,352,147,259
152,245,212,193,39,131,353,52,14,246,94,121,102,212,152,142,223,161,101,206,215,55,233,286,358,194,151,306,183,130,222,175,297,356,310,208,76,190,327,177,286,280,40,28,130,345,196,153,25,160,290
190,221,147,153,347,107,338,35,55,246,119,144,112,149,170,108,129,163,109,136,163,79,207,295,9,156,138,331,233,155,273,182,3,5,5,241,56,207,314,171,320,272,35,359,160,4,126,117,5,164,261
153,253,140,160,66,153,355,45,24,245,32,109,134,199,218,124,154,132,131,146,210,96,212,340,334,214,144,297,166,174,312,189,9,348,304,196,2,208,313,164,6,341,28,36,173,24,218,109,5,175,262
119,218,192,208,45,130,354,45,38,266,118,160,133,180,149,94,163,140,138,180,167,117,199,297,287,198,116,322,179,157,274,190,356,338,317,168,70,192,12,170,303,289,33,353,148,352,142,118,24,186,235
115,220,223,226,327,126,5,36,6,275,116,177,146,164,169,139,246,137,154,179,180,139,173,272,294,166,160,338,218,135,305,191,337,330,305,155,6,195,329,155,297,347,39,77,120,19,176,156,355,207,266
186,265,208,236,288,127,8,38,354,285,115,115,101,166,149,115,164,115,163,128,218,155,206,247,330,184,151,329,248,118,343,177,23,330,310,198,39,179,330,134,290,292,62,34,160,30,141,120,28,187,253
172,305,205,222,1,75,321,33,343,292,83,125,155,145,142,118,174,97,176,187,178,126,144,233,314,169,148,281,177,182,273,185,14,325,295,152,66,172,11,109,313,323,35,50,146,50,152,134,357,216,280
97,300,243,181,359,149,309,32,40,323,174,135,151,152,86,146,205,120,175,164,224,152,136,213,311,136,137,280,232,117,220,190,20,313,283,150,139,194,16,106,322,301,42,10,166,77,175,164,5,211,251
197,346,224,222,28,152,332,40,331,325,103,145,211,114,188,171,172,130,162,122,210,144,131,203,355,214,137,337,186,153,193,190,359,319,295,205,41,202,12,193,4,300,38,53,199,41,183,215,47,181,314
104,256,189,167,48,167,25,33,14,266,135,143,137,147,186,122,216,129,168,157,175,81,94,250,21,183,129,319,225,140,229,184,354,332,310,153,99,228,299,225,341,265,51,32,222,355,185,181,3,164,282
89,309,127,192,329,158,281,25,32,250,180,169,123,170,139,135,152,141,148,141,160,147,102,281,328,220,153,292,177,187,261,157,0,288,296,163,63,181,319,252,303,267,94,318,139,32,154,143,346,153,301
163,279,255,214,35,116,354,9,56,282,147,141,182,128,157,152,240,109,198,179,170,178,196,318,340,167,166,262,220,98,221,156,343,320,313,172,120,197,326,206,352,289,333,15,168,354,188,126,56,124,327
102,239,214,170,330,66,9,18,52,265,135,103,151,214,151,121,219,71,208,134,216,145,207,330,330,166,182,309,194,150,228,174,324,333,358,116,59,211,308,242,358,297,8,29,185,43,122,140,17,168,278
111,207,183,193,1,86,331,33,47,230,145,177,149,211,92,158,218,55,181,185,205,125,184,318,3,195,204,321,172,140,265,214,14,353,356,79,15,192,305,157,331,306,13,31,197,52,135,141,324,190,243
201,238,221,211,12,89,309,43,321,229,127,180,124,180,173,145,198,52,153,159,178,134,197,314,338,207,174,341,221,148,267,216,18,355,26,117,65,180,330,193,10,336,11,348,187,351,213,193,4,110,250
114,244,202,210,327,119,322,49,21,245,139,127,127,125,143,139,212,113,132,157,184,197,185,308,278,174,181,338,162,148,294,197,352,28,301,148,31,195,333,186,319,306,54,23,224,16,152,127,347,170,310
186,188,251,210,75,143,334,34,0,262,138,128,104,200,178,146,209,108,154,168,146,185,135,293,324,156,128,302,243,115,271,217,11,334,318,182,81,183,333,183,339,307,2,334,215,46,156,200,19,168,324
125,236,259,211,28,152,329,32,24,263,140,120,58,146,119,153,173,96,154,198,163,132,154,240,343,182,124,343,178,160,259,175,342,346,297,204,102,187,320,172,323,285,57,50,212,10,171,132,0,212,262
130,145,132,232,10,201,357,41,40,239,161,110,136,184,165,184,191,139,177,166,130,110,89,275,20,158,187,10,232,93,236,204,358,359,323,274,106,180,313,188,347,275,26,300,211,58,212,192,348,152,305
102,223,212,178,328,203,17,49,60,249,135,159,104,159,126,138,202,143,197,233,183,78,66,295,331,172,194,334,174,162,244,193,10,0,305,222,45,181,3,168,304,291,55,335,193,3,194,168,13,162,295
103,284,185,200,15,145,6,50,4,231,176,115,135,144,100,92,160,138,197,167,224,95,138,298,349,160,133,328,181,125,232,171,0,340,315,187,86,169,300,212,287,319,305,353,185,20,133,145,19,193,263
121,223,231,170,333,221,359,60,10,251,179,124,110,156,132,137,204,147,177,172,207,129,166,322,357,199,187,288,238,124,238,156,333,337,325,221,59,173,10,175,320,349,348,0,192,29,183,183,11,152,301
127,165,194,177,58,176,4,63,66,280,144,125,155,176,164,108,163,141,164,214,178,186,192,345,25,159,197,335,167,90,212,192,320,352,350,265,40,188,356,152,353,338,6,78,253,18,201,123,345,169,234
108,207,261,171,332,175,331,59,46,242,113,150,151,89,179,141,171,160,132,184,138,167,184,298,8,212,189,347,176,89,235,182,299,5,307,224,76,15,47,122,359,320,322,40,172,30,173,200,4,166,268
161,236,245,149,54,163,329,19,82,283,121,109,160,161,191,92,152,135,132,218,155,129,182,271,355,165,161,349,204,161,264,210,306,21,334,183,22,215,5,117,300,287,341,43,197,353,130,205,31,220,313
103,217,229,162,47,137,329,356,53,263,105,138,125,135,136,142,199,183,159,278,134,129,151,297,324,196,142,282,169,135,281,217,304,23,351,210,100,178,33,192,354,337,31,24,170,41,164,125,39,180,310
109,231,262,161,325,181,325,8,91,251,117,145,164,194,157,134,192,183,177,235,141,84,97,336,3,155,120,340,165,179,301,205,310,10,298,260,80,193,0,192,306,25,33,64,190,41,195,101,27,133,282
153,227,247,172,65,134,326,10,56,257,113,93,138,169,148,78,176,146,177,203,157,99,128,1,357,195,124,308,239,127,315,175,315,355,329,273,44,207,327,167,339,343,44,23,161,341,177,135,356,195,261
97,201,179,220,28,120,327,21,4,243,127,122,129,149,133,126,168,150,181,171,201,121,100,356,343,158,146,0,178,183,243,183,329,347,4,247,27,235,323,190,4,13,55,9,177,39,177,157,332,229,289
147,223,188,217,350,119,327,33,24,235,102,124,173,159,108,126,201,145,173,173,146,120,125,337,357,199,187,287,231,122,226,189,340,321,13,222,66,211,4,219,315,347,95,24,182,346,193,113,352,143,257
164,259,240,202,300,128,6,46,326,222,111,133,161,178,128,185,186,143,181,235,217,135,139,343,286,168,148,330,215,151,203,179,352,2,345,206,79,193,297,183,351,2,111,31,181,358,200,139,17,179,267
154,222,162,186,354,152,16,30,352,286,83,83,120,137,144,127,207,149,170,225,148,153,131,311,277,169,128,327,176,174,242,230,9,4,315,218,99,236,304,149,8,333,66,333,183,16,155,201,55,164,309
155,199,132,177,64,132,12,358,332,269,142,77,172,211,94,90,186,183,154,177,212,187,204,277,317,172,171,329,188,171,268,163,341,334,47,204,64,219,326,168,333,310,339,357,221,338,181,173,64,144,299
177,176,210,201,26,123,272,350,306,243,110,135,167,147,129,135,197,149,171,255,162,153,161,328,19,203,123,350,244,124,220,196,316,10,29,215,88,228,337,190,1,337,44,42,192,337,135,139,7,167,338
137,189,162,147,51,147,306,1,36,225,132,144,200,142,156,153,188,149,183,230,207,113,181,293,346,187,137,337,180,122,178,177,293,57,50,195,83,219,296,211,302,313,48,28,191,322,172,156,339,116,291
178,210,188,171,357,174,301,2,3,234,123,120,104,141,177,164,174,162,173,196,150,71,198,246,339,162,123,359,227,168,187,191,355,17,18,255,44,216,318,239,340,304,3,30,183,21,180,177,4,170,351
104,269,225,217,52,170,338,358,357,261,107,130,161,196,138,115,184,166,150,173,217,110,152,261,322,138,173,357,236,152,133,196,23,340,356,186,42,203,291,235,13,332,337,11,176,15,138,182,327,162,320
130,273,216,226,347,148,315,3,311,297,98,125,143,153,165,181,203,188,130,217,167,139,86,270,17,186,174,314,180,108,198,174,20,357,325,255,47,199,310,177,355,322,317,334,166,328,138,139,35,178,289
123,209,174,168,64,89,4,11,23,294,92,113,155,141,98,153,188,174,123,199,224,161,100,272,342,190,139,283,209,105,237,171,13,300,291,233,88,181,328,242,322,304,4,10,150,337,152,192,16,218,322
85,265,145,164,303,80,17,22,15,240,150,110,190,132,121,166,192,170,116,162,167,188,113,271,292,183,168,342,254,179,225,163,15,40,303,194,49,155,329,186,12,286,33,23,145,337,106,147,46,192,292
89,222,218,178,14,126,27,31,6,258,177,101,142,154,178,127,163,142,134,194,222,133,118,274,307,175,137,343,176,150,232,154,2,323,329,165,18,245,5,157,323,297,52,350,151,8,161,178,4,177,276
141,246,218,184,81,134,308,41,339,271,87,95,144,189,111,92,186,131,138,233,161,106,152,307,14,191,124,318,173,183,265,159,332,344,335,194,325,201,313,248,355,319,3,41,167,46,141,112,19,221,222
165,201,274,167,317,176,6,29,6,301,104,105,161,144,139,132,182,145,158,204,200,151,152,342,300,220,144,349,219,138,286,161,8,40,289,249,22,204,328,137,16,299,36,346,179,38,130,137,34,178,248
119,212,175,218,41,157,42,35,24,258,104,121,131,124,126,138,223,156,160,170,167,162,126,345,9,143,165,318,215,182,282,164,324,73,311,232,76,188,342,152,306,316,10,42,193,347,135,123,24,232,279
107,238,233,209,347,174,45,21,37,228,114,130,151,215,164,105,222,105,174,153,144,111,106,345,16,179,162,312,170,109,254,174,22,51,334,185,75,167,6,192,4,317,340,35,207,75,190,182,342,192,313
139,265,219,150,296,186,54,3,345,230,122,85,141,149,111,142,181,150,169,176,216,137,86,332,275,203,119,306,240,166,214,166,353,346,326,278,85,194,330,206,328,308,14,3,185,31,151,137,32,200,299
140,248,202,182,292,168,15,358,343,304,125,119,144,129,223,189,228,176,154,186,181,94,196,303,337,148,152,270,157,181,247,167,12,352,337,252,57,150,5,174,10,286,347,46,197,33,160,120,45,230,290
143,235,230,220,48,136,34,355,10,222,121,146,104,184,176,150,189,176,163,258,201,213,141,266,323,204,141,4,231,176,253,165,23,359,345,208,96,143,300,186,58,319,36,27,196,60,207,153,340,197,294
124,179,196,171,20,186,20,356,44,208,127,108,186,166,149,114,182,141,147,145,211,180,153,260,296,181,130,357,164,111,240,169,311,11,7,263,128,152,326,199,359,288,50,22,215,5,174,169,349,241,298
139,246,206,200,356,134,354,353,21,223,133,107,99,156,97,190,184,122,125,177,182,153,123,260,313,206,99,314,170,152,246,176,26,353,58,212,119,164,333,207,354,308,40,354,222,343,172,183,27,165,259
135,208,177,159,47,130,354,355,334,211,140,128,134,202,119,145,177,117,126,210,231,111,191,271,355,146,116,304,237,126,190,184,15,17,36,307,114,168,7,236,306,290,9,5,241,33,189,199,28,181,351
143,354,200,148,313,239,24,11,23,293,146,130,109,171,137,105,190,101,122,186,180,164,179,266,354,184,142,337,241,123,316,222,56,31,45,262,91,165,320,251,4,267,347,20,265,316,124,175,32,192,278
106,200,243,180,17,210,26,22,319,235,147,72,76,214,125,142,195,90,90,160,210,137,105,249,329,185,143,299,204,148,318,148,356,9,19,220,109,168,316,209,14,305,71,38,265,349,131,200,26,177,338
134,266,214,159,29,168,28,23,350,235,178,73,153,187,115,129,175,17,61,193,164,185,147,266,335,200,204,310,195,119,278,177,349,40,333,206,79,131,60,193,30,329,47,53,294,341,162,154,12,197,264
135,248,205,228,2,115,17,32,22,285,151,86,179,191,163,153,192,84,53,177,244,159,115,288,335,185,172,351,162,133,268,206,318,38,307,278,84,180,322,216,343,8,51,60,264,33,135,145,43,168,321
178,257,199,206,325,113,18,32,356,255,152,92,171,161,146,99,152,90,47,179,141,128,160,294,348,149,128,351,228,165,254,187,325,34,32,256,115,177,329,156,27,301,82,60,254,20,153,113,33,143,272
126,230,198,234,27,73,347,31,345,204,174,112,143,120,102,33,161,99,62,155,147,123,152,282,337,150,182,341,235,142,229,193,0,44,350,289,161,169,21,109,352,322,38,96,206,352,114,117,7,148,303
89,229,231,215,47,116,355,18,338,273,175,109,162,200,145,90,168,108,78,168,205,151,142,282,339,188,177,287,170,103,222,166,15,65,354,274,133,162,331,109,34,338,40,70,203,336,163,175,16,214,347
152,295,161,216,2,130,17,23,55,240,184,107,169,170,78,162,221,92,102,170,144,188,127,272,333,188,171,338,151,152,213,168,349,32,319,263,88,155,21,129,346,265,15,49,199,3,168,120,358,150,289
176,257,295,207,52,151,29,26,349,266,202,119,153,156,156,143,171,82,110,183,197,167,97,289,302,181,167,307,227,142,202,157,62,20,315,248,99,145,322,159,309,312,71,355,192,19,171,182,31,210,317
158,216,172,163,38,159,32,24,22,281,217,114,194,211,203,165,200,85,45,153,201,121,151,271,317,132,162,22,160,189,216,148,43,6,340,239,100,138,292,189,326,274,39,16,169,29,134,132,77,158,284
125,236,201,186,31,172,32,14,340,320,181,100,155,232,192,151,170,90,37,107,164,199,121,260,352,201,154,341,182,113,207,157,19,355,15,222,85,135,321,228,331,276,10,39,165,335,192,190,0,196,235
126,241,161,215,348,179,35,11,317,288,128,105,186,203,119,69,173,85,53,143,164,166,154,222,297,146,149,285,230,167,194,168,73,337,80,157,94,132,294,187,357,275,33,35,191,0,124,169,358,175,297
135,310,177,162,327,183,79,27,352,272,231,142,102,115,154,174,180,124,55,205,228,120,164,189,15,197,135,307,174,103,202,186,22,304,73,200,123,148,327,186,0,324,345,38,292,357,187,120,52,216,294
154,262,183,165,24,192,40,31,228,247,172,98,144,161,88,162,182,90,56,160,230,87,156,231,337,194,139,284,229,135,190,189,346,310,34,222,180,169,6,179,357,5,35,22,251,38,157,129,12,164,319
110,233,171,148,354,180,39,55,343,201,138,124,149,186,149,159,174,80,31,179,200,123,143,249,36,151,132,311,169,130,207,181,13,315,7,266,135,182,321,166,322,329,352,348,166,52,151,156,8,181,18
148,291,190,181,321,187,35,52,18,227,136,167,173,183,97,186,147,93,41,163,177,142,178,245,354,197,119,317,239,176,181,173,339,322,341,218,98,199,331,207,30,297,3,18,213,36,190,180,59,220,337
123,223,250,168,52,150,39,39,46,232,181,86,155,201,114,207,183,99,66,114,181,164,114,261,344,152,132,330,179,102,199,161,15,335,307,239,99,224,321,234,339,265,26,56,190,346,147,211,22,195,310
142,238,186,164,327,192,41,42,0,274,120,78,141,159,188,131,170,98,76,167,216,135,118,266,335,183,150,264,221,112,202,155,340,340,285,269,139,236,311,200,28,276,92,35,181,39,119,123,1,172,318
146,257,233,212,17,176,85,48,23,259,174,119,187,159,139,172,174,97,67,122,218,160,169,275,318,173,169,338,175,157,199,141,47,333,18,241,63,181,3,139,336,298,77,71,192,47,179,89,82,135,356
134,227,173,214,330,223,53,46,343,264,200,70,139,192,147,219,141,97,76,167,232,141,175,290,346,150,135,342,240,182,219,138,335,350,358,207,78,190,329,160,54,324,47,19,213,37,160,180,30,156,306
179,249,256,235,35,149,44,36,37,249,202,125,138,168,145,152,204,97,85,120,160,201,128,320,317,186,140,350,185,87,215,133,80,4,358,257,49,168,322,192,0,338,69,67,221,358,198,165,359,185,278
181,242,207,163,294,114,52,21,17,287,140,141,156,133,179,173,171,90,102,179,195,205,172,331,356,139,108,347,227,175,293,126,330,14,335,204,73,165,5,157,319,284,89,49,204,342,207,181,64,191,312
171,250,222,210,17,166,307,30,29,225,92,84,110,105,130,117,164,97,136,208,163,179,143,333,337,195,146,314,164,178,250,113,351,32,359,196,79,175,0,164,24,290,67,350,178,345,225,174,343,195,310
198,275,204,165,300,174,350,34,12,269,131,152,129,106,132,110,213,98,132,178,195,152,120,260,331,205,147,320,173,100,223,104,307,3,345,217,84,182,312,174,321,260,119,16,185,1,185,174,9,210,255
172,204,248,162,0,180,33,30,44,233,161,135,126,160,83,162,192,89,108,143,162,135,138,251,21,159,156,310,223,189,202,95,277,13,312,203,114,194,334,174,4,303,32,34,186,73,219,134,29,221,340
156,215,225,135,22,219,45,27,357,221,132,130,153,119,116,135,165,82,97,159,182,120,190,261,346,154,160,297,189,126,181,89,314,37,325,258,113,124,329,153,355,332,347,82,205,38,177,173,6,188,336
158,187,237,178,314,228,42,38,37,261,255,146,170,186,146,173,188,85,118,195,144,91,116,281,307,185,187,301,199,133,197,73,327,9,352,218,95,178,354,190,347,321,34,4,225,62,119,132,336,213,272
126,217,245,176,72,175,1,39,12,218,150,150,136,166,138,95,193,90,111,158,180,88,201,266,291,151,185,318,246,117,207,97,335,8,331,221,60,178,315,208,30,5,348,39,236,47,149,196,14,235,303
116,303,199,154,0,178,352,32,47,258,166,164,160,189,149,120,238,98,106,150,142,57,135,256,2,188,180,320,213,158,208,112,343,5,354,255,128,210,359,160,331,314,51,37,263,357,181,163,68,239,246
148,245,188,156,301,171,348,30,63,209,172,161,137,105,88,155,215,71,98,170,190,125,140,266,329,150,169,330,164,122,272,119,351,7,337,193,87,165,321,169,324,338,0,70,237,25,159,178,65,189,291
150,312,223,208,45,226,334,17,9,276,163,116,116,124,131,144,222,70,83,185,188,109,174,279,279,196,145,350,219,125,261,129,10,15,266,248,106,155,54,179,14,327,93,71,212,347,193,129,32,172,235
128,244,197,177,297,173,319,14,61,263,164,104,155,128,148,201,187,81,111,207,253,143,142,293,354,153,176,333,242,178,261,133,37,20,317,197,75,157,1,237,352,314,22,51,204,1,137,192,13,161,261
176,290,239,183,353,209,316,41,45,250,169,118,174,111,214,137,220,152,87,210,223,86,110,266,276,210,138,310,173,107,234,142,45,7,341,263,129,196,309,187,315,283,40,24,213,322,180,138,18,154,331
182,315,180,188,80,219,344,17,30,193,236,115,184,119,178,125,225,123,88,189,239,185,133,275,308,144,120,288,180,175,232,141,18,356,325,221,143,211,356,216,2,270,353,333,169,356,177,180,30,142,337
187,254,153,167,311,212,347,17,6,263,243,163,140,128,136,146,202,148,84,140,164,146,120,278,310,207,126,318,237,113,239,148,1,303,286,181,57,225,4,190,3,265,50,333,169,338,125,161,18,124,288
140,204,179,170,39,200,25,5,16,222,140,142,137,131,178,118,207,154,90,117,152,119,173,295,25,149,137,3,156,97,254,161,21,324,10,232,91,217,50,181,1,264,71,4,181,20,168,162,19,94,287
245,281,246,207,10,173,3,2,60,279,180,135,124,119,158,132,222,178,76,144,172,150,120,274,358,147,146,314,163,135,282,154,8,307,338,218,116,210,325,161,26,231,339,353,199,65,113,160,335,100,249
173,243,197,155,334,218,357,19,29,253,144,147,137,110,82,106,226,127,84,217,148,127,89,307,23,168,166,304,218,128,306,161,315,293,354,176,110,207,320,212,341,272,26,2,191,3,155,151,347,137,317
161,202,206,245,304,238,8,16,18,223,128,152,116,127,126,179,145,128,78,174,124,80,143,283,333,172,175,290,232,123,302,161,347,310,24,214,115,193,15,250,5,291,61,42,256,45,113,173,5,194,309
205,247,247,216,359,255,27,356,116,255,118,127,99,163,162,147,202,127,75,158,199,104,100,257,284,200,213,304,186,153,289,160,348,318,350,248,63,163,312,199,329,246,358,346,211,352,172,130,57,151,0
176,277,224,231,321,240,25,6,14,231,170,124,99,100,163,104,193,127,71,101,149,157,122,266,284,151,193,298,245,166,293,122,29,330,283,227,109,168,7,181,325,269,101,37,200,25,130,133,6,126,300
210,257,242,173,331,223,33,12,2,207,153,127,116,69,140,129,178,128,61,117,127,129,140,249,283,216,152,302,175,171,279,138,38,335,318,203,108,178,359,178,324,301,0,4,217,334,165,168,344,164,308
204,251,267,115,277,164,25,16,12,239,134,123,154,121,129,171,178,118,53,145,157,162,132,260,335,170,182,330,181,183,254,157,23,338,359,248,59,170,299,172,353,321,32,59,213,340,130,187,14,114,340
179,280,228,140,16,183,38,12,46,271,157,111,106,64,131,168,215,140,45,172,184,182,157,276,312,155,121,337,232,127,261,151,5,318,327,258,120,194,359,185,37,343,7,27,206,21,128,190,326,171,329
150,320,229,155,34,137,34,28,33,214,139,170,111,119,209,98,212,131,79,192,163,165,180,260,329,181,163,343,187,133,237,164,349,338,311,181,105,220,35,221,325,350,29,17,179,333,138,142,347,135,259
137,233,196,207,7,140,30,14,33,225,204,150,173,85,122,140,196,147,96,218,208,143,170,246,300,134,177,322,166,127,231,140,16,324,297,253,77,241,4,195,24,4,358,41,168,351,222,117,18,154,219
127,233,255,105,285,159,18,22,11,233,149,140,101,120,132,163,235,134,127,242,144,79,118,251,42,141,189,314,212,85,239,119,355,344,287,165,98,242,321,171,0,340,338,59,215,353,176,140,333,196,294
105,238,197,138,15,195,13,23,30,193,151,131,116,55,188,201,186,131,88,198,202,113,153,257,344,172,160,297,159,178,263,138,329,311,288,238,106,237,0,217,18,317,18,347,180,17,147,137,1,158,245
173,282,199,182,273,182,12,69,22,273,192,174,112,69,143,117,213,169,99,179,169,110,144,248,344,157,161,280,234,101,290,135,328,327,302,209,69,152,291,266,320,337,5,9,228,334,201,119,39,153,272
126,266,274,139,356,177,22,61,343,218,120,190,146,58,93,133,182,178,125,169,144,95,102,283,343,198,161,296,174,96,333,128,279,335,18,251,134,164,39,224,338,353,354,12,280,12,206,182,64,112,300
172,304,263,141,303,175,43,56,0,187,155,123,162,107,95,152,177,134,109,188,157,70,173,251,3,159,193,285,240,109,341,118,317,12,359,288,77,178,327,212,336,10,338,48,219,10,163,170,95,174,269
113,271,255,192,347,201,3,63,2,209,138,141,167,142,119,131,157,140,88,130,186,80,89,266,317,160,158,329,173,171,306,139,0,317,11,190,119,203,306,178,2,340,354,63,161,12,225,154,85,146,335
122,266,254,136,17,189,45,78,336,242,151,181,138,121,119,111,183,154,80,167,192,95,108,273,336,153,174,316,171,150,274,152,319,345,25,278,150,189,330,219,323,299,11,3,169,1,191,134,37,162,267
160,245,227,182,18,167,16,53,23,271,207,160,111,108,118,140,159,141,91,168,159,135,113,271,352,197,187,296,221,123,243,158,326,348,44,273,136,195,286,153,17,289,40,345,177,8,137,126,1,166,336
218,276,180,231,320,175,5,6,316,237,154,143,167,130,118,132,165,134,114,184,177,177,174,266,16,130,129,314,175,182,217,167,337,343,19,285,80,200,308,231,318,272,65,47,210,327,169,160,68,162,313
218,314,265,203,7,206,2,16,20,193,112,187,127,90,153,120,171,136,118,163,159,148,166,246,279,139,198,308,249,101,174,189,356,358,306,294,105,187,358,187,324,248,91,355,205,302,206,170,59,190,264
161,286,211,179,309,177,4,15,27,256,93,130,138,98,188,166,179,134,129,113,152,111,167,200,342,213,123,317,174,177,136,141,356,13,280,312,125,188,350,167,33,279,2,342,254,2,143,193,17,172,289
144,266,240,181,40,175,6,58,1,252,182,174,125,80,109,184,210,121,174,176,174,138,82,218,341,187,152,31,153,106,116,155,326,0,332,324,72,194,29,189,7,319,33,43,195,342,165,150,21,168,354
168,218,245,214,320,128,20,112,343,242,151,121,165,46,111,146,196,128,130,164,149,116,110,251,295,212,183,1,230,92,211,152,352,317,323,242,93,198,321,208,359,340,57,15,193,352,119,171,3,151,287
152,256,214,171,261,129,23,26,26,227,158,154,149,144,132,164,141,102,116,189,124,120,177,240,284,163,120,329,145,139,181,159,354,339,307,211,133,189,33,163,338,312,92,28,218,54,135,145,72,172,338
149,226,165,186,330,134,27,34,40,243,190,124,155,128,183,113,202,107,107,188,171,177,169,254,271,182,160,292,225,101,217,171,314,13,314,254,46,194,3,198,358,354,50,329,222,340,167,182,27,183,280
176,277,240,219,2,172,23,40,44,254,93,97,111,125,167,134,169,121,157,178,211,116,168,280,308,157,122,296,160,107,279,179,0,335,299,203,118,180,21,204,291,316,354,358,207,345,112,185,96,148,311
219,251,195,206,21,175,36,44,1,251,129,87,115,122,105,154,189,123,145,145,170,87,127,285,295,144,138,340,244,167,234,188,6,321,287,178,91,170,10,224,330,342,59,340,172,341,188,168,41,133,313
129,266,166,176,46,143,55,46,320,211,162,104,102,105,119,161,200,113,132,167,224,154,96,307,0,170,146,333,188,110,209,204,35,340,317,224,127,180,332,177,311,295,33,55,147,19,141,148,1,149,355
113,240,248,222,87,137,54,41,17,234,179,143,96,117,152,135,172,144,169,120,185,104,120,288,13,166,162,304,159,163,200,212,345,282,319,256,119,184,25,156,351,326,14,22,178,348,174,131,54,173,294
134,274,197,206,119,171,43,56,68,254,129,168,84,145,96,129,147,144,139,146,204,154,132,288,12,198,134,357,247,103,267,166,345,321,289,200,140,192,45,171,305,347,84,5,135,316,151,149,14,198,321
178,228,188,173,35,185,352,49,52,293,120,180,103,135,116,98,213,112,92,194,168,114,137,273,10,146,136,305,229,172,258,164,317,331,296,280,135,206,5,243,3,333,53,58,132,313,126,150,20,195,240
174,316,203,171,12,224,355,44,68,221,155,167,151,105,132,62,160,134,128,171,188,161,161,223,352,207,155,321,174,191,293,129,338,331,289,257,81,238,348,164,324,316,353,15,171,332,175,130,2,203,355
118,281,229,162,80,246,358,28,22,290,193,185,143,87,105,92,216,158,157,140,159,127,145,207,317,159,173,325,244,184,312,154,50,338,274,306,61,250,356,227,359,291,20,329,190,2,140,144,61,221,305
128,245,237,158,4,178,23,45,350,253,187,171,109,61,178,117,171,104,170,163,160,78,111,235,325,173,182,336,193,110,297,146,6,343,310,300,94,236,12,195,326,6,32,20,176,292,126,176,35,189,295
116,262,161,181,326,142,30,65,19,289,123,124,154,27,143,140,206,105,144,190,183,109,135,287,0,145,183,354,173,184,276,161,3,346,311,261,129,209,13,179,353,342,0,337,235,313,151,167,67,177,347
129,252,172,178,14,149,11,95,1,269,158,147,184,82,194,168,138,134,115,202,162,138,114,291,345,154,145,6,172,120,242,155,343,350,353,245,89,200,6,170,12,288,1,322,196,308,153,132,29,169,339
149,240,253,195,27,150,27,38,1,292,174,153,166,112,151,115,188,80,138,225,127,180,138,290,305,219,149,359,240,201,228,159,314,353,309,214,58,206,353,166,307,237,41,39,228,341,113,153,23,164,311
121,265,201,252,8,168,25,41,338,259,209,158,142,145,123,117,195,90,164,223,126,94,114,291,338,146,186,352,188,134,214,176,355,357,334,161,103,192,339,244,332,273,17,355,258,6,161,113,53,172,18
129,252,189,179,48,160,353,72,25,269,176,90,166,110,208,136,202,30,165,207,182,185,140,281,20,160,129,331,153,99,241,190,11,353,316,213,61,175,318,150,6,320,39,18,210,18,142,129,72,222,267
136,238,202,191,20,168,308,75,26,303,160,101,104,188,156,146,206,82,113,190,128,128,123,299,327,152,121,295,225,140,245,196,16,0,333,169,68,171,304,166,50,343,61,39,195,332,193,177,46,166,323
159,235,192,230,340,211,48,74,10,246,167,152,130,125,161,107,210,114,157,144,147,89,161,311,32,183,157,307,157,146,266,179,357,351,270,267,99,157,28,233,345,283,2,11,179,355,192,123,10,187,280
180,229,215,191,346,203,11,75,54,289,172,103,131,122,165,133,172,101,134,186,110,131,91,319,1,148,174,320,159,109,281,175,350,334,277,236,107,125,312,189,29,350,14,15,161,14,157,170,29,212,319
151,251,198,153,321,205,332,59,41,279,170,141,127,134,220,121,152,94,87,213,184,169,124,295,298,156,122,329,177,155,295,182,317,338,290,187,149,193,318,157,29,356,82,355,168,355,131,126,69,122,311
140,213,267,218,359,169,345,58,345,275,194,123,115,101,213,99,212,119,141,145,132,121,157,310,344,195,156,337,250,112,308,174,348,335,312,239,40,183,0,216,354,300,35,23,224,325,167,153,52,218,240
152,161,202,144,357,197,23,45,345,240,197,159,125,108,165,66,193,100,145,189,124,157,128,332,327,159,161,293,168,123,351,187,326,325,302,312,92,174,354,171,327,333,35,353,219,345,128,173,10,177,305
192,147,223,175,14,228,63,33,52,298,170,146,116,108,200,126,218,81,146,189,162,116,129,3,332,187,176,326,235,189,346,164,349,333,304,282,86,179,314,267,15,293,40,339,160,18,162,130,38,192,325
201,167,227,143,21,233,72,76,70,256,178,93,110,147,179,145,181,99,104,160,139,148,147,314,1,157,143,291,224,122,310,208,12,283,325,270,62,185,315,198,34,310,358,351,175,353,187,131,36,171,280
162,215,22,176,67,218,82,131,15,231,195,87,145,129,174,131,223,97,134,155,126,130,152,287,336,230,209,273,181,116,275,199,340,290,306,243,66,189,26,165,314,342,80,331,224,321,166,175,4,189,325
140,259,167,170,29,128,94,118,355,285,215,95,115,116,162,98,214,103,138,205,142,108,83,228,333,163,123,320,221,173,254,152,347,291,327,278,51,195,342,160,349,322,327,6,187,290,139,136,53,163,333
118,213,183,151,6,123,29,80,33,280,177,151,138,97,183,136,153,99,87,180,166,81,143,267,326,196,178,301,165,132,239,137,33,312,288,257,89,204,41,231,319,356,70,342,198,338,118,137,53,180,294
82,227,252,192,333,128,38,58,30,269,157,117,109,85,194,64,216,99,106,209,155,119,100,243,350,190,144,347,195,167,195,160,2,332,12,248,116,187,340,174,34,313,24,346,231,10,165,97,50,171,268
153,224,191,207,355,137,47,85,9,257,196,112,170,125,188,121,167,89,137,149,166,151,89,251,312,159,126,343,236,110,192,166,355,325,305,191,138,179,4,141,13,320,52,13,210,350,187,151,66,152,309
142,205,163,218,57,168,24,108,30,250,182,172,72,99,204,116,188,126,150,196,165,132,200,261,351,178,150,323,151,202,205,188,357,332,276,262,97,196,303,125,10,306,98,19,188,337,118,121,2,198,272
153,163,210,156,336,183,16,95,59,275,181,168,116,87,243,128,180,135,150,194,210,87,145,248,51,198,125,312,234,124,278,250,329,317,260,289,87,191,10,138,320,265,52,18,154,297,141,112,69,179,256
177,196,237,168,291,194,31,92,36,285,148,159,121,74,256,106,203,149,96,153,157,119,130,302,14,159,203,335,172,154,265,183,345,330,358,270,68,185,330,153,3,265,50,298,207,344,171,105,74,180,272
146,196,187,126,349,199,35,68,52,270,178,145,168,129,221,119,144,159,156,141,181,138,122,275,308,173,170,321,226,93,290,184,356,321,317,225,64,178,5,161,321,239,31,4,186,27,133,112,66,169,299
112,239,200,147,41,116,32,44,54,240,182,152,133,95,218,152,173,181,135,220,148,58,89,225,280,178,147,300,185,177,316,179,8,327,325,241,69,158,347,179,350,275,50,325,155,9,160,126,59,130,326
139,234,229,164,99,96,31,42,340,269,190,118,180,62,196,158,169,196,102,155,165,91,113,200,352,163,134,327,152,161,297,168,57,336,342,286,77,143,9,203,356,298,87,355,161,353,181,96,89,160,343
179,204,193,218,49,123,84,73,112,282,172,109,128,106,176,130,215,155,84,186,130,108,81,210,358,191,120,314,226,135,257,168,19,354,306,274,110,114,12,174,337,312,46,341,180,338,191,139,50,166,316
201,230,162,202,304,139,29,129,37,245,161,126,95,84,211,137,234,169,80,204,114,70,112,276,355,166,134,285,204,105,217,158,44,334,289,248,92,148,31,159,356,290,94,348,202,340,155,137,19,199,349
131,248,239,203,36,127,12,140,53,244,170,125,108,51,237,90,142,170,95,199,171,99,85,282,334,158,161,305,228,164,244,132,337,342,328,300,33,160,319,175,358,327,30,22,179,38,117,134,28,186,26
228,245,206,208,72,114,58,134,32,290,184,167,107,122,250,125,232,170,85,133,136,129,127,266,344,184,142,328,164,131,266,120,7,345,285,263,89,177,337,187,9,285,339,88,198,25,115,180,32,156,312
169,245,171,143,357,150,45,104,27,239,181,145,142,117,276,139,196,170,88,252,152,130,110,213,3,175,155,269,234,100,245,169,16,354,299,197,136,180,36,196,19,319,70,34,153,1,148,167,43,162,330
160,295,190,204,287,191,29,87,35,293,195,159,106,118,208,131,152,170,96,155,214,30,157,293,340,181,223,250,175,118,207,162,314,359,272,259,64,190,7,221,1,338,353,347,176,322,191,119,81,171,340
145,247,161,195,352,152,24,56,32,282,187,107,128,131,175,186,147,155,105,173,140,113,135,293,1,149,144,256,233,132,188,159,52,3,305,196,30,176,355,230,325,342,2,26,185,14,138,162,54,177,261
133,233,238,199,56,138,17,40,33,308,127,146,156,144,194,168,191,154,110,168,194,82,114,298,30,172,142,263,152,86,170,136,42,351,345,249,74,180,341,205,3,7,55,22,239,12,155,141,33,185,290
129,305,265,125,13,225,6,34,80,286,186,151,86,105,224,190,144,414,111,199,159,105,146,288,339,215,189,306,155,124,194,124,36,343,310,225,102,208,321,177,309,325,41,10,224,357,165,100,16,198,244
146,209,254,164,328,183,61,28,22,267,186,196,133,155,254,116,152,156,124,154,201,108,128,297,320,215,147,268,219,98,209,165,15,330,357,234,140,158,28,158,44,308,19,356,215,17,188,163,43,114,269
173,229,161,159,282,220,48,52,102,245,179,180,121,195,266,146,185,150,140,192,155,91,63,298,340,175,193,281,190,180,227,168,357,327,325,222,145,144,340,173,4,294,66,323,176,42,170,114,53,150,276
179,236,181,167,231,132,30,73,82,305,162,126,140,135,184,167,181,145,145,171,191,99,138,270,300,228,154,280,164,112,256,169,350,316,22,193,113,129,339,174,358,292,342,25,178,13,137,198,60,131,292
147,210,219,180,293,137,12,76,7,270,198,161,92,129,272,131,141,145,150,179,190,151,115,283,41,161,143,295,203,141,280,184,320,300,318,180,77,143,28,213,328,322,66,34,230,346,112,142,42,187,280
142,277,267,140,18,169,34,107,35,335,189,170,117,169,224,142,174,150,148,139,214,98,125,272,325,164,188,297,145,178,321,180,297,301,305,206,56,150,18,194,290,292,19,6,182,12,138,131,29,169,318
91,244,217,194,343,189,29,111,25,248,120,149,132,120,219,157,195,153,131,201,157,127,129,307,329,180,142,299,159,115,262,151,334,13,341,175,80,163,30,174,347,333,72,335,200,350,188,150,58,173,311
162,228,271,224,18,217,40,112,335,227,207,188,91,90,209,166,173,148,115,189,202,68,50,339,312,160,152,295,230,176,222,131,0,6,350,150,65,157,329,206,28,316,13,13,205,3,153,125,24,179,359
89,221,166,186,94,237,53,60,4,291,223,182,136,84,281,210,204,163,110,212,157,114,123,343,20,175,137,260,163,105,297,137,342,352,307,161,90,149,325,168,318,287,14,356,207,15,113,166,48,182,253
123,228,218,170,55,242,11,55,49,273,214,167,121,84,313,193,191,165,92,150,211,59,128,345,26,185,169,278,235,159,247,117,2,332,289,199,67,213,341,238,317,323,350,323,149,19,128,170,38,198,286
157,214,231,195,28,234,33,34,59,230,217,139,115,102,240,157,194,169,104,162,207,109,94,311,10,175,192,284,154,148,280,116,344,321,292,219,89,208,347,255,350,298,49,31,197,313,189,95,54,210,302
110,190,174,165,62,194,67,18,86,290,161,122,140,122,198,159,209,168,96,205,153,60,117,339,298,182,154,290,242,171,305,139,13,329,350,235,97,188,9,228,18,325,12,18,161,7,167,165,31,223,339
169,201,186,174,57,199,44,66,49,248,121,135,153,93,231,142,216,172,96,187,173,95,137,295,343,152,186,311,178,152,284,133,325,296,25,227,71,176,320,209,346,269,59,43,131,342,129,135,91,143,323
162,163,169,139,30,231,29,70,39,183,205,148,166,44,226,139,204,173,102,211,197,128,100,266,320,158,154,328,179,121,263,158,318,308,354,291,60,187,342,185,50,273,11,359,181,358,184,169,58,122,331
144,212,178,113,357,217,14,88,343,241,137,187,105,102,283,173,171,167,77,158,219,115,78,261,327,180,121,324,229,195,240,126,327,340,309,238,99,191,304,159,317,312,336,19,160,21,129,141,28,170,307
135,201,189,188,309,227,23,80,64,287,219,140,109,120,232,130,155,171,83,142,181,60,136,288,352,214,185,271,155,148,297,162,344,346,282,259,110,199,347,161,27,287,42,312,128,335,182,131,27,180,262
156,180,164,128,353,221,24,79,14,235,225,128,109,110,230,108,191,167,89,143,160,128,94,272,321,160,175,315,227,118,289,162,283,5,254,237,77,181,314,163,350,300,9,9,150,3,149,100,0,200,332
145,182,175,134,51,188,26,75,13,290,249,130,161,102,163,131,164,173,100,186,142,145,152,257,358,167,117,281,154,170,247,107,313,318,313,262,115,171,314,170,35,319,49,299,222,14,192,113,1,213,294
117,164,232,161,25,222,28,71,20,264,143,120,84,143,215,149,177,177,107,231,182,67,95,237,319,217,148,317,167,184,210,129,323,352,288,248,67,166,291,183,335,344,70,314,200,15,149,148,15,225,264
118,149,233,161,5,225,23,63,3,296,150,123,101,147,249,114,143,177,138,89,122,135,132,266,276,193,121,324,173,109,265,120,351,15,270,225,49,131,313,186,13,315,50,311,189,354,188,136,351,245,343
109,130,217,135,60,234,28,55,43,273,200,121,114,95,214,152,191,177,86,129,195,123,126,234,316,166,230,319,238,178,312,116,37,10,285,179,73,133,350,228,312,279,2,329,254,333,133,193,33,210,317
82,262,176,168,108,209,28,45,48,316,133,124,90,78,236,184,194,169,82,168,164,58,130,257,353,155,146,319,163,181,0,119,331,13,299,228,76,149,7,152,3,304,57,2,197,1,216,162,87,183,310
123,237,174,122,62,205,26,39,18,355,183,162,101,73,190,190,177,183,77,195,190,198,113,241,353,174,117,346,233,111,327,106,319,6,314,181,134,162,345,222,300,335,64,35,186,24,146,109,34,224,345
97,214,251,159,26,179,52,54,5,256,195,180,110,104,210,150,164,191,108,150,143,177,128,241,7,190,163,9,166,98,285,100,345,340,328,218,83,187,7,211,315,314,14,13,205,358,129,137,355,182,249
127,239,166,190,322,208,77,62,26,301,151,190,150,96,240,119,200,205,87,144,155,156,82,255,8,174,130,324,154,177,303,163,349,358,339,246,62,203,301,181,10,339,355,341,234,26,142,173,358,147,290
167,216,203,217,44,200,66,68,9,246,126,167,104,125,222,118,146,224,92,178,120,136,97,257,1,210,131,293,244,117,344,161,7,346,359,237,40,197,31,155,19,311,25,18,262,31,144,141,51,147,313
124,237,161,183,11,187,73,82,37,229,179,153,93,153,204,70,201,202,54,131,189,115,80,252,357,181,179,332,163,192,356,192,342,328,263,246,94,193,327,160,34,299,61,359,272,356,124,128,78,171,352
98,237,261,202,124,210,60,61,78,292,173,121,114,152,211,111,183,158,73,223,152,101,121,262,12,161,222,342,229,105,338,156,358,313,286,194,81,189,32,169,335,262,350,31,217,50,175,107,45,184,270
75,229,257,253,53,192,11,90,22,272,132,165,150,122,254,151,151,167,69,177,159,119,30,249,347,219,222,341,161,86,319,128,352,41,302,236,126,201,12,221,351,266,48,80,214,11,110,140,105,147,244
123,246,251,185,111,157,11,95,335,307,192,119,214,122,203,167,209,169,74,143,151,67,110,249,356,220,219,334,149,158,304,155,328,330,318,266,93,200,326,246,329,292,357,31,227,353,118,172,77,162,280
101,280,200,227,65,175,38,90,103,258,195,182,99,130,269,154,191,174,63,220,148,147,128,245,328,163,180,316,186,121,265,167,334,341,2,254,59,167,18,202,19,305,25,47,206,10,177,137,64,184,309
131,214,233,180,5,192,42,67,38,295,190,174,142,168,264,106,222,166,87,205,135,100,123,228,6,186,157,294,184,113,276,203,29,359,5,217,97,177,1,108,23,319,76,13,156,19,153,154,22,201,325
177,258,187,228,62,189,45,66,12,351,217,218,139,126,204,115,184,164,95,148,223,47,66,224,21,191,117,277,164,190,280,174,318,27,329,176,58,170,12,146,320,306,97,3,170,326,130,115,29,181,333
150,257,188,167,68,197,16,64,35,259,177,157,117,132,268,127,217,157,106,223,206,105,129,252,6,219,137,283,228,124,296,156,352,29,300,229,109,154,295,167,345,272,123,313,169,26,105,130,21,181,322
139,282,189,163,25,205,56,58,71,321,186,151,126,101,142,153,144,159,117,150,186,134,118,266,327,173,152,313,161,178,273,135,8,27,320,261,165,181,336,184,17,301,61,349,130,12,143,141,53,147,287
158,214,240,205,125,158,50,54,23,223,191,106,121,136,230,111,180,169,107,151,158,109,110,290,340,163,200,330,222,99,261,160,350,1,313,205,181,159,347,136,323,315,18,338,159,8,126,183,20,147,260
169,250,171,130,76,176,26,53,65,282,168,140,98,114,198,127,147,174,116,178,197,152,118,304,335,173,151,299,163,106,252,165,335,352,2,180,131,161,42,201,19,320,143,337,185,353,180,164,41,179,288
113,257,149,113,67,168,11,54,89,291,197,195,149,109,203,137,178,166,126,126,162,82,150,279,335,214,150,285,234,182,235,179,318,5,348,208,91,164,30,140,321,314,67,350,153,338,138,136,15,183,298
104,308,233,208,38,152,10,33,31,235,190,137,171,83,244,152,140,174,141,158,155,94,99,237,337,218,167,298,169,132,236,131,334,22,336,196,55,150,323,206,313,273,62,341,203,349,98,161,32,182,337
118,292,220,211,8,141,11,80,52,284,97,171,153,73,250,193,133,166,165,189,195,132,125,275,7,177,183,316,226,173,266,161,294,63,304,156,70,185,354,191,331,309,37,14,155,23,134,122,14,158,356
130,281,172,155,72,146,26,94,1,251,143,139,179,154,174,111,192,160,148,232,145,157,140,298,297,168,135,325,168,132,295,177,316,81,314,201,80,166,10,171,0,288,24,31,212,15,187,160,9,189,332
150,286,259,220,61,139,39,66,41,287,217,147,112,131,215,139,127,156,117,185,169,131,124,229,300,228,158,332,222,205,295,136,344,72,329,207,85,161,44,187,23,309,3,0,161,357,137,190,76,170,307
193,241,268,178,65,175,36,54,20,293,157,180,139,157,190,184,129,169,128,164,170,92,108,225,324,162,178,341,150,174,290,175,348,24,313,270,100,122,55,183,334,0,33,3,171,358,150,146,43,175,272
190,240,207,194,22,152,38,59,83,262,212,152,125,153,202,170,155,139,151,192,180,157,47,205,4,192,144,353,171,122,285,173,357,68,349,250,103,156,305,161,36,333,357,38,181,10,220,149,92,197,353
138,295,143,158,26,117,39,117,98,315,186,196,131,109,232,134,116,134,170,155,185,95,83,199,336,194,142,10,160,114,261,164,335,60,323,265,71,203,8,212,322,338,63,12,166,348,160,195,46,178,323
125,231,252,184,58,141,40,58,41,214,211,140,135,106,214,98,131,138,186,151,210,136,82,214,342,213,176,326,241,176,262,181,298,45,291,274,105,157,339,164,6,296,64,309,121,339,126,161,78,190,338
142,255,134,155,78,134,44,84,77,279,181,135,118,80,187,136,181,129,177,182,150,152,91,254,12,188,230,351,176,158,219,168,307,39,322,242,148,149,319,193,311,323,27,13,139,31,96,199,87,184,314
120,233,194,162,62,158,48,42,53,243,205,154,84,143,165,145,214,129,194,152,154,142,50,297,339,185,211,323,223,125,246,161,321,37,343,210,113,135,298,201,37,300,34,344,119,1,132,180,47,134,311
137,227,199,201,321,169,66,106,45,313,158,158,143,127,136,149,168,131,226,226,179,76,58,343,61,178,131,345,159,114,260,150,281,18,15,257,122,173,346,172,10,297,70,332,108,325,155,143,48,203,279
158,315,145,142,24,126,76,93,39,232,138,136,156,159,171,150,180,104,222,174,164,74,75,350,70,164,174,308,219,192,296,103,337,357,350,216,102,182,21,166,330,322,352,29,162,344,99,174,112,225,316
173,211,160,169,339,104,30,58,39,288,198,128,139,150,115,186,181,113,199,203,178,142,98,351,0,149,160,286,238,108,341,137,285,327,292,202,102,184,352,197,298,300,53,352,109,22,129,171,86,175,238
141,232,219,184,352,141,45,25,40,249,195,142,103,86,176,150,123,103,194,229,161,106,101,334,352,188,147,298,174,115,315,172,346,24,359,222,81,177,352,171,329,316,55,19,90,30,118,132,62,117,328
129,277,242,144,356,133,49,23,76,223,164,164,79,107,217,215,184,90,194,182,176,73,111,323,349,245,141,311,234,170,354,171,55,324,303,170,62,157,300,185,26,345,355,31,123,43,127,139,73,114,272
149,287,203,147,46,137,47,51,83,305,158,187,57,111,178,122,210,77,186,193,220,126,135,317,326,196,188,343,185,179,9,141,16,341,359,244,106,100,323,165,328,326,49,2,137,20,132,139,30,159,331
147,317,203,203,8,139,75,60,35,242,173,160,116,128,153,110,152,74,181,245,218,143,128,294,319,226,187,316,150,130,315,123,302,357,324,252,50,171,321,151,32,292,72,30,162,0,128,185,23,182,339
151,298,242,142,51,188,76,29,39,256,195,129,120,78,153,152,172,58,173,163,167,82,126,320,333,151,146,295,244,110,298,114,350,359,284,221,127,185,327,191,334,302,70,35,184,341,124,154,4,165,269
167,267,178,135,338,194,41,19,41,283,166,90,109,162,98,167,204,96,175,197,123,126,81,344,4,221,209,289,168,169,273,115,332,11,298,208,64,208,17,136,3,272,44,0,121,325,167,152,2,188,306
174,226,162,141,20,181,29,28,26,253,159,137,127,157,134,196,144,176,182,185,167,65,117,351,23,156,150,280,231,104,245,121,347,7,310,196,116,233,356,148,308,337,76,17,102,19,165,141,353,226,304
150,231,231,201,354,215,350,51,42,285,122,172,100,85,119,169,181,181,170,187,211,150,89,351,328,203,156,273,165,190,216,131,338,18,356,184,82,175,334,123,5,339,5,48,186,37,132,131,20,180,266
158,245,227,142,346,144,74,83,74,254,142,163,164,93,144,172,118,157,164,141,177,122,118,337,22,188,152,296,230,129,232,149,322,11,7,186,74,143,306,153,20,285,28,26,147,26,102,155,28,167,334
146,272,206,189,341,179,40,54,87,310,197,209,128,101,148,132,146,99,164,149,166,89,122,317,1,179,187,324,167,127,232,144,323,20,334,219,59,159,27,107,314,334,42,32,175,341,125,171,56,143,285