Amazon,Chippewa,Chiriqui Viejo,Clyde,Hvanneyri,Japura,Jurá,Luangwa,Madre De Dois ,Mamore,Napo,Neches,Nowitina,Ontonagon,Purus ,Putumayo,Rio Caquetá,Rio Cauto ,Rio Madre De Dois SE,Rio Ucayali,Sacramento,Skeena,Tennessee,Tsimlyansk,Ucayali,Uvac,Central Kalimantan 1,Australia Basin 1,Barwon River,Central Kalimantan 2,Indragiri River,Digul River,Sung Sen River,Lufiria River,Congo River,Tana River,Ereen River,Adda River,Ucayali River,Amga River ,Rio Ta Huamanu River ,Tarauaca River,Rio Muru River,Rio Envira River,Kapuas River,Baliem River ,Papua New Guinea River 1 ,Era River
174,298,166,315,289,98,78,225,137,315,81,133,30,185,69,134,320,266,252,311,203,191,56,165,360,322,170,110,95,271,354,200,142,217,155,106,255,72,80,47,92,78,333,351,316,204,299,181
127,297,218,347,291,27,50,193,139,265,62,148,34,185,52,129,294,283,305,336,202,215,43,169,323,26,144,103,107,284,330,207,136,206,134,88,242,73,69,35,117,99,316,339,309,228,309,156
84,303,240,11,319,1,67,126,121,216,63,162,52,193,26,146,280,302,34,1,216,225,40,178,323,55,133,84,114,278,325,216,153,203,124,75,217,66,56,6,136,112,318,328,294,231,318,138
43,320,254,339,336,85,90,53,91,182,89,181,101,203,0,156,302,324,72,29,182,244,46,193,316,42,114,75,120,256,330,227,175,201,123,59,210,59,46,342,154,118,300,322,281,237,322,140
2,324,266,356,325,130,115,34,25,191,115,214,152,244,341,149,311,352,89,57,122,248,39,198,334,2,96,54,120,218,349,244,204,200,124,78,187,46,33,329,163,121,304,321,258,240,320,138
328,322,267,19,308,178,127,87,9,200,154,206,183,283,327,144,323,0,46,79,101,305,14,182,359,338,82,43,121,195,10,252,227,197,122,107,180,34,26,323,168,125,315,315,241,250,314,134
288,287,251,358,246,146,152,128,21,227,174,177,202,285,331,185,350,352,333,62,83,300,347,178,311,291,81,23,125,187,48,266,242,193,127,116,180,34,32,327,162,107,322,323,219,258,301,120
303,252,264,340,225,93,175,178,31,237,184,142,212,298,347,228,337,22,302,90,83,289,338,162,324,343,93,5,126,186,69,232,248,188,129,143,168,43,35,343,141,80,331,336,199,278,306,156
329,218,257,314,189,27,187,197,51,241,230,106,206,301,4,237,293,62,276,105,101,232,1,147,344,31,119,2,132,202,87,208,258,182,135,150,161,46,37,334,139,41,333,343,193,287,292,184
333,221,263,320,183,355,197,187,95,243,252,98,176,317,27,249,260,90,239,142,79,189,45,133,359,43,145,4,133,204,103,196,260,173,144,169,146,77,40,305,133,12,340,356,188,296,277,210
3,245,262,296,187,346,207,167,131,237,254,132,149,315,69,250,233,118,282,144,77,183,92,127,41,8,167,16,132,186,129,195,270,169,144,195,146,100,38,289,141,347,0,7,191,314,265,241
48,266,231,274,203,356,208,141,137,244,256,158,117,326,87,252,251,104,11,102,90,178,137,121,52,344,187,1,136,166,135,192,281,157,146,203,111,133,21,279,164,315,32,35,181,336,248,271
79,273,223,256,223,25,212,96,135,247,263,133,82,330,105,228,254,86,41,66,116,192,163,130,50,308,204,351,41,144,147,202,296,140,151,208,91,155,359,268,184,319,63,56,177,343,221,283
23,247,190,245,246,40,193,181,119,302,290,156,54,330,114,197,236,61,66,29,166,213,161,154,30,275,234,333,146,113,153,170,306,132,159,210,67,162,341,272,208,326,81,71,167,325,197,282
334,232,171,273,275,24,164,192,88,327,292,173,36,341,133,155,213,36,47,8,181,225,147,184,356,232,252,325,145,89,144,178,307,121,163,207,58,172,295,279,248,325,89,79,157,396,159,275
294,218,153,255,281,93,135,188,51,348,282,190,21,342,144,127,196,358,42,338,202,229,136,211,346,281,257,305,147,87,122,189,316,116,166,195,42,177,266,273,260,319,101,84,156,286,178,266
321,210,139,225,297,150,112,163,45,359,265,218,10,342,129,118,217,341,32,340,229,233,128,223,347,321,239,291,158,115,92,200,346,95,175,192,43,180,245,276,282,316,121,97,144,271,186,258
32,209,113,224,318,132,106,154,49,1,227,206,3,328,91,128,246,13,30,341,229,244,120,230,318,353,228,305,172,139,56,212,342,86,183,179,57,186,241,282,265,332,151,99,130,274,189,249
107,203,106,241,326,89,90,182,86,356,197,185,8,283,89,131,274,2,39,294,240,241,108,255,283,14,246,315,180,157,33,215,333,73,187,167,72,190,257,285,229,8,133,104,118,293,183,249
92,204,106,250,338,49,94,256,69,356,168,161,18,266,75,156,286,348,46,266,229,257,90,268,280,55,258,341,184,171,19,236,344,55,197,159,83,196,280,293,212,46,143,112,114,305,173,258
60,205,96,267,7,30,97,300,23,355,132,137,56,212,53,183,309,310,59,233,223,244,77,284,329,29,264,355,185,185,355,251,339,46,202,183,101,205,305,310,191,56,151,114,120,319,162,262
16,212,87,285,16,344,67,304,14,348,100,118,79,224,41,194,314,62,90,218,203,211,62,299,359,14,268,21,180,212,330,268,329,39,211,193,121,221,319,313,178,53,159,101,119,336,149,232
354,231,80,297,18,293,41,343,27,340,86,98,82,224,31,195,314,266,155,201,195,187,42,321,7,9,252,21,175,228,320,284,317,44,219,202,136,228,347,314,170,74,167,101,130,350,141,213
55,244,79,311,20,330,0,339,39,331,75,79,86,281,31,137,307,278,159,258,190,176,28,338,360,36,233,17,171,223,300,299,298,44,225,229,155,229,12,314,159,74,162,94,132,8,124,187
41,251,80,335,16,30,349,339,63,315,69,70,88,304,75,93,295,265,112,292,186,179,20,349,5,79,216,20,165,203,305,304,275,44,234,252,170,229,38,317,149,63,142,115,136,37,112,183
98,260,93,347,8,11,344,307,44,297,63,110,87,300,104,35,286,233,58,327,167,195,358,334,360,122,200,54,158,170,323,283,246,49,241,263,181,226,62,316,132,43,116,120,140,49,98,179
149,264,107,7,1,235,330,304,66,290,55,138,94,305,161,37,273,249,8,354,158,241,356,291,351,96,180,73,150,105,311,269,218,53,249,246,197,236,73,337,122,22,105,132,147,38,85,175
85,238,126,19,323,253,332,282,106,279,55,164,114,320,178,52,264,190,344,346,184,237,8,242,317,84,170,79,147,65,329,253,183,59,260,216,195,231,87,8,106,14,86,144,149,11,87,177
0,237,124,38,299,303,333,253,100,291,64,181,131,331,188,53,254,164,323,333,214,223,32,220,296,54,159,51,144,55,10,234,200,58,281,195,194,227,97,30,87,47,83,139,156,353,81,204
50,236,130,32,286,359,351,227,68,346,90,212,144,335,196,59,246,183,292,295,233,256,57,214,261,28,153,12,142,76,49,209,205,56,294,165,196,223,108,60,76,85,74,126,161,340,42,231
124,240,112,27,259,35,0,204,56,13,108,221,165,334,195,104,254,198,261,268,230,254,74,193,235,359,133,6,143,63,89,189,203,66,298,136,92,207,122,78,59,121,65,125,161,320,81,249
73,251,95,9,240,83,10,194,72,47,141,194,168,342,184,127,261,242,271,258,217,262,77,194,269,13,115,16,145,52,120,186,203,64,302,106,192,194,128,96,49,144,53,133,167,306,99,264
54,249,75,352,234,128,33,185,90,57,174,213,201,322,181,170,236,223,300,287,185,276,70,208,300,34,95,21,143,33,130,192,205,69,306,88,207,184,124,86,61,153,35,111,177,282,113,281
120,255,48,337,226,100,48,162,88,66,189,194,210,332,157,183,251,180,330,329,170,291,52,203,356,46,87,40,145,15,139,182,201,73,301,106,200,164,126,111,76,149,16,94,186,265,136,293
195,252,28,318,221,51,56,161,69,81,204,180,220,343,136,213,266,166,341,357,161,274,33,203,29,5,103,63,140,25,147,187,186,80,300,128,190,156,121,112,93,147,4,78,200,244,150,280
155,258,12,304,197,46,58,170,43,101,212,164,217,16,116,230,279,192,11,40,147,232,12,200,45,323,117,78,133,60,149,219,178,97,291,177,181,159,120,113,105,167,352,53,203,218,163,288
118,256,342,277,184,117,67,183,21,123,215,138,197,20,87,252,284,206,49,62,146,214,342,178,71,296,127,88,134,88,154,228,178,118,286,149,172,147,107,124,117,180,356,42,197,191,180,305
67,258,344,260,186,180,53,206,22,126,200,126,182,23,71,246,303,324,82,81,145,216,323,174,52,330,143,91,132,111,157,226,167,125,279,152,155,132,93,112,133,194,12,35,202,199,202,340
56,258,343,246,188,206,22,243,43,122,166,153,163,19,77,189,325,249,26,77,119,211,308,171,48,347,153,113,120,139,142,220,160,132,275,156,139,120,66,92,160,219,36,42,199,176,222,1
2,258,355,239,195,265,0,246,37,129,118,182,148,1,98,133,348,272,333,42,91,220,314,165,3,309,156,129,111,164,137,213,158,145,265,161,129,105,25,100,173,217,61,45,210,160,240,351
309,244,21,217,198,199,323,246,40,124,83,158,142,350,123,88,339,253,269,10,99,219,336,162,351,331,169,145,97,193,127,198,156,149,262,167,139,90,3,107,185,191,79,31,212,169,250,325
281,230,49,200,224,113,305,245,44,114,58,187,131,343,160,66,1,281,259,350,149,221,355,163,341,355,175,162,84,211,115,185,151,159,250,176,107,83,359,129,190,156,95,20,216,162,252,288
322,212,76,191,281,97,284,205,43,93,34,212,118,323,175,70,328,264,289,325,180,150,14,163,3,33,171,164,60,190,107,174,154,174,243,177,77,79,17,141,201,112,104,18,223,167,247,255
8,192,88,182,299,159,274,177,0,49,28,251,95,312,192,65,281,247,292,297,201,133,36,164,20,72,183,159,44,170,98,158,159,189,231,181,75,72,37,153,204,76,109,7,227,181,247,230
17,176,129,178,301,202,264,169,305,21,25,219,74,275,212,63,231,228,277,270,219,144,49,148,23,82,158,146,32,124,78,142,177,211,225,188,80,72,77,149,205,79,107,6,238,199,242,238
337,189,154,177,290,179,256,170,309,19,35,196,53,232,241,89,194,194,26,252,230,164,76,124,37,105,148,118,19,96,68,129,196,224,224,198,91,68,99,152,181,69,81,351,241,219,249,242
21,188,160,188,295,142,285,173,317,14,34,168,13,226,264,118,205,195,48,284,245,156,99,115,32,133,137,96,22,80,45,131,202,239,216,208,78,65,123,127,161,50,59,334,251,227,267,242
80,181,154,194,299,130,321,174,307,13,18,139,9,229,280,143,219,198,63,310,224,195,109,112,7,164,120,88,22,49,36,152,207,244,200,220,56,61,145,103,138,17,42,326,261,247,278,244
134,169,146,200,283,94,0,188,301,359,357,127,15,234,282,159,238,193,54,357,226,172,103,115,335,174,117,82,28,36,21,170,229,253,179,240,37,57,162,72,102,350,25,317,263,261,280,247
142,158,149,215,277,41,37,233,293,358,333,137,15,235,271,163,257,235,26,37,219,175,107,108,286,189,101,74,32,59,354,183,242,259,167,251,5,54,174,58,83,337,4,314,271,288,278,230
102,157,145,223,285,84,70,256,291,358,315,151,12,250,250,165,275,241,34,76,190,171,106,89,270,165,90,42,36,99,359,204,244,258,153,266,39,67,192,59,73,334,349,311,274,300,271,215
43,142,142,253,321,107,87,265,312,355,302,137,6,289,209,161,301,269,27,95,144,133,98,83,276,132,96,16,42,138,21,246,247,254,142,282,74,83,204,56,66,331,339,303,262,320,277,210
359,122,131,270,323,40,90,273,358,358,319,122,2,305,183,143,301,285,320,78,123,156,85,100,314,94,115,358,55,181,62,284,247,251,132,291,70,97,200,52,52,330,322,303,269,336,275,188
319,101,112,273,6,21,107,271,43,9,347,148,356,319,154,98,311,332,249,59,132,162,65,129,338,53,125,5,60,167,85,277,249,253,124,306,63,102,184,54,45,354,334,314,274,351,288,171
274,90,105,295,23,357,122,249,65,13,8,174,347,346,125,68,333,310,225,39,137,158,41,171,7,34,136,10,63,155,125,250,254,244,123,315,51,115,174,49,41,38,350,313,276,8,295,151
317,81,115,277,31,330,130,228,70,22,43,190,354,339,141,68,7,341,216,19,133,163,0,173,39,10,147,23,75,151,164,220,262,243,118,292,38,118,157,57,61,49,11,314,277,351,302,143
10,88,139,293,9,26,140,186,91,31,82,182,0,330,164,55,28,28,231,356,129,165,323,184,67,327,155,41,73,144,187,185,257,240,120,280,64,133,132,79,65,84,42,309,281,348,306,149
56,95,161,305,336,94,146,181,97,34,110,165,6,313,158,52,26,3,327,338,129,180,304,186,70,303,164,46,64,144,204,156,257,226,122,265,91,142,105,91,76,59,57,317,279,344,292,156
96,100,191,313,315,151,135,175,86,42,125,186,17,308,120,41,1,333,352,322,134,194,314,173,71,323,187,48,60,148,211,129,224,220,128,241,103,147,84,122,89,62,78,317,279,334,268,175
139,106,221,332,299,173,120,184,79,44,135,219,24,290,79,31,356,342,7,286,154,215,336,160,53,356,193,52,56,137,218,102,217,218,138,207,119,157,51,140,99,64,110,321,281,336,248,217
93,113,244,351,272,105,99,217,96,55,142,195,32,273,54,24,333,17,18,262,144,189,5,150,27,58,186,51,48,125,217,91,187,217,157,193,141,163,47,166,87,70,122,326,281,345,225,252
54,121,214,17,245,60,79,212,133,67,150,176,48,234,36,23,313,27,15,257,137,158,44,134,352,65,166,50,39,121,207,106,167,212,188,172,177,167,43,190,80,91,113,325,285,357,198,267
82,120,185,37,234,28,53,184,161,84,167,159,68,259,57,24,292,1,16,276,134,154,61,107,337,99,154,42,27,151,190,121,143,210,203,144,192,172,45,184,67,100,93,321,285,14,181,279
25,115,172,71,232,332,38,191,174,100,185,137,90,290,71,28,276,354,20,304,158,150,70,101,312,72,136,44,18,201,161,142,125,208,213,114,181,173,32,188,65,98,67,329,284,31,157,297
314,123,142,49,223,7,51,242,165,106,188,113,104,315,84,29,256,17,31,294,137,158,63,70,322,38,124,81,14,265,147,165,149,206,224,117,175,181,18,182,59,86,38,336,293,49,140,308
38,151,122,41,207,269,76,266,147,106,192,80,113,320,96,28,246,352,33,291,114,201,37,51,351,1,96,94,14,285,129,190,132,205,224,131,164,182,15,171,37,59,4,326,294,63,137,323
96,178,72,51,194,336,96,277,145,93,180,45,117,351,118,36,239,327,355,313,98,238,6,44,7,317,73,109,21,295,111,212,124,204,214,145,151,187,17,161,14,18,326,333,300,70,126,340
28,211,50,5,208,33,140,280,180,66,164,62,111,40,124,61,254,302,359,340,116,238,348,81,16,6,63,124,34,271,83,227,123,201,203,132,135,190,24,130,349,30,310,329,308,66,107,353
315,220,44,330,232,81,160,273,189,28,120,78,91,24,126,100,226,284,37,6,119,256,334,101,30,58,43,133,51,284,82,227,121,196,190,121,119,196,32,105,327,60,304,332,312,62,94,353
8,230,42,315,261,123,180,231,212,4,103,107,76,355,99,118,248,257,283,25,119,183,204,126,61,80,45,139,56,301,54,227,123,197,187,106,101,199,68,88,307,88,301,336,316,47,93,348
49,237,30,304,290,160,189,203,202,351,87,90,61,347,72,150,282,237,260,42,128,178,211,152,67,101,55,152,73,302,16,241,126,193,181,102,89,193,89,63,298,107,327,340,323,30,111,342
0,219,23,282,298,121,191,142,141,305,57,53,42,338,54,159,314,209,244,49,148,169,181,152,72,106,65,166,83,309,23,277,134,192,171,122,83,177,108,56,295,131,354,338,328,9,139,333
326,220,34,277,305,65,180,136,125,290,35,78,21,353,34,161,345,215,254,41,161,159,140,128,59,69,71,203,98,276,41,275,157,191,172,149,79,169,135,42,294,149,18,338,331,339,141,311
276,212,45,237,309,20,158,99,107,268,18,103,2,350,9,170,16,200,309,16,177,187,124,107,47,8,71,186,112,276,53,257,168,187,172,172,113,164,156,40,303,172,38,333,344,318,157,284
305,214,59,228,324,62,100,89,97,267,4,89,341,308,354,157,36,176,334,346,181,167,89,93,28,324,85,168,119,289,44,246,178,186,169,197,98,157,146,42,338,169,62,330,353,308,165,266
336,217,72,222,323,116,59,80,68,279,0,72,327,312,335,190,49,157,13,323,179,165,27,89,360,5,107,169,136,301,30,234,195,174,176,211,118,144,127,58,5,159,77,327,357,318,180,252
283,228,79,200,306,134,52,80,57,299,340,50,308,346,302,207,40,130,72,308,176,174,9,85,336,38,117,155,153,281,9,253,195,151,183,235,129,130,108,67,34,131,93,333,358,313,192,228
236,232,90,231,288,83,37,95,63,323,330,87,282,357,302,217,19,100,104,285,181,178,358,83,316,358,97,160,167,258,0,267,182,145,193,252,140,102,90,86,61,109,104,335,3,298,213,194
180,245,120,221,287,59,20,109,127,331,330,106,279,339,332,220,6,130,106,277,184,176,18,82,304,307,84,164,175,259,347,251,178,132,198,288,168,69,43,97,81,98,119,346,9,284,239,177
145,260,151,251,276,46,0,146,129,336,345,132,289,317,7,230,347,120,46,255,187,159,46,85,303,321,113,189,172,273,334,219,180,124,200,308,185,60,43,102,97,81,126,10,5,271,250,167
173,264,161,274,273,98,335,148,128,339,15,159,324,319,36,198,334,141,30,273,185,158,86,71,283,357,127,208,174,258,342,198,188,112,208,315,182,61,33,101,113,61,135,32,5,267,257,177
222,275,172,269,289,131,328,152,126,329,62,188,339,306,69,103,313,153,36,298,156,148,108,47,269,23,141,176,171,227,12,180,196,97,211,289,171,54,28,84,158,41,134,66,355,251,265,181
271,278,180,250,287,110,343,182,122,323,90,209,346,299,114,89,290,165,343,333,129,125,119,30,260,73,149,147,169,202,59,162,207,82,217,246,178,59,27,70,141,24,134,43,347,235,270,193
309,277,214,237,299,148,0,185,115,304,110,243,344,308,144,69,264,179,290,6,112,42,126,17,227,97,134,142,166,186,103,151,216,52,235,228,166,63,23,62,110,7,107,44,340,226,283,200
338,276,200,219,271,179,14,189,87,289,126,209,346,308,146,54,244,195,302,37,110,72,136,13,201,53,113,134,170,165,130,131,226,31,239,209,165,63,16,57,106,350,85,60,325,236,292,222
2,270,192,191,236,116,37,189,38,272,151,189,349,293,119,50,254,216,301,61,100,88,136,41,187,14,97,123,166,173,134,103,233,24,253,198,150,70,12,47,114,0,64,62,306,247,304,239
41,264,182,171,222,83,61,179,357,250,173,168,353,270,94,36,261,252,300,56,113,139,146,65,182,357,81,105,167,197,141,85,224,24,256,187,125,83,29,45,123,25,61,67,297,257,314,258
74,272,146,187,212,50,90,209,2,230,181,155,358,246,67,53,275,209,296,66,119,153,142,92,199,324,55,140,167,218,135,80,210,25,261,185,104,109,48,38,136,37,60,71,281,264,330,272
97,291,116,203,211,101,95,215,47,184,197,139,16,241,40,63,290,223,328,88,110,159,129,108,250,359,61,172,161,242,139,95,203,28,258,179,89,107,58,28,140,62,74,79,265,270,347,276
67,294,149,228,194,148,115,205,36,167,211,117,26,232,23,83,307,243,38,112,116,155,118,116,277,43,83,153,146,267,135,106,176,25,268,158,69,122,73,31,150,69,81,86,262,275,2,296
13,280,127,249,176,189,141,187,38,146,219,111,36,212,8,92,317,268,84,143,113,140,97,120,3100,88,111,119,132,286,129,93,159,28,267,128,60,138,94,22,168,88,63,96,246,283,13,304
345,278,85,269,168,146,160,210,108,125,207,144,42,183,357,114,332,305,104,153,127,164,55,110,325,118,129,82,122,295,113,79,142,32,268,115,49,142,101,18,179,97,50,97,238,288,358,310
301,272,62,276,123,84,164,245,116,125,185,170,45,179,346,134,329,322,351,124,128,99,355,106,326,84,144,70,113,275,113,66,133,37,258,97,53,148,116,41,174,98,44,96,240,297,340,290
265,272,48,290,107,31,152,277,113,129,160,192,35,211,334,123,319,341,333,93,133,69,332,96,345,53,159,61,113,244,76,82,119,44,265,93,68,152,101,47,159,86,19,95,221,304,323,264
290,272,42,322,126,338,127,278,110,148,147,195,19,258,321,120,306,318,342,64,134,81,329,86,12,13,179,52,108,201,49,107,105,53,251,86,89,156,80,51,137,62,1,88,210,318,306,247
329,263,48,345,191,22,103,255,105,169,108,221,11,298,343,105,291,286,24,34,139,97,345,80,23,70,211,49,105,172,29,140,91,65,247,91,101,165,45,59,108,36,345,73,199,330,296,214
4,243,83,356,201,71,87,244,101,186,84,189,12,292,4,80,269,262,23,5,138,74,16,71,41,103,227,44,101,143,21,161,97,76,244,116,121,171,32,61,81,358,329,52,189,337,280,173
50,235,109,331,224,122,62,228,100,210,61,166,14,328,32,80,254,247,41,344,109,79,39,71,48,56,245,52,93,123,41,174,76,86,243,143,131,173,5,48,56,353,326,26,171,331,298,156
96,253,98,317,240,94,58,188,73,218,43,144,20,305,54,95,220,221,50,297,122,81,81,69,69,13,256,31,89,106,66,201,50,95,235,155,150,182,352,48,38,1,332,32,164,327,320,156
59,255,130,298,256,161,76,198,41,229,31,125,28,297,78,82,216,196,48,309,122,93,130,75,80,327,251,24,91,118,93,229,42,98,230,182,162,185,326,57,35,12,322,31,155,317,0,160
15,237,159,285,273,224,98,219,2,236,20,102,48,314,92,108,224,177,39,313,149,98,157,65,97,291,238,22,91,152,113,232,27,109,223,189,176,185,309,57,19,48,312,26,157,305,20,169
339,238,166,278,276,136,139,213,348,246,24,79,56,328,115,145,235,199,14,292,183,108,168,53,95,234,213,19,93,180,129,226,12,120,212,169,193,182,300,63,14,72,323,15,148,290,30,187
315,237,147,265,304,97,170,256,343,255,49,59,93,328,130,128,251,227,325,267,190,124,175,41,92,202,195,6,96,171,132,232,16,136,200,140,218,181,305,63,8,53,349,0,146,270,19,215
356,241,129,254,314,45,210,292,332,284,90,30,131,340,150,93,268,201,246,242,170,127,176,41,72,257,179,0,87,147,134,228,9,157,190,132,236,173,314,72,3,23,353,0,157,248,346,248
34,224,120,246,320,0,209,307,318,302,123,66,144,353,169,91,271,177,248,234,152,82,332,35,18,296,162,323,83,121,117,217,11,173,176,130,257,166,321,70,35,347,358,354,160,251,296,272
349,195,112,268,312,43,213,307,296,313,147,93,144,34,186,157,276,161,286,251,154,65,338,31,350,321,147,293,85,110,112,214,18,204,152,146,265,157,327,87,58,317,340,357,167,257,270,292
303,181,95,280,323,71,198,311,288,323,163,58,116,33,188,190,253,153,346,267,151,68,354,28,314,350,127,285,89,102,129,204,39,219,138,169,274,147,337,88,80,302,335,355,173,267,273,286
264,162,125,294,343,45,186,305,303,329,181,16,102,3,181,232,266,155,353,279,145,82,353,27,295,9,98,279,88,116,144,201,52,219,123,188,274,144,342,77,97,290,342,346,189,275,260,282
312,145,155,291,354,40,177,294,358,331,172,327,93,335,171,224,274,131,309,289,139,86,36,23,265,34,88,265,96,142,168,180,78,226,104,198,277,143,355,73,126,306,13,344,190,282,244,313
350,150,169,311,342,91,176,287,19,337,155,7,85,308,152,187,293,110,256,318,145,92,58,20,288,80,82,258,100,168,184,169,97,221,97,195,263,140,13,75,141,329,33,351,201,284,224,330
46,160,162,324,338,126,180,255,52,346,110,48,72,280,142,156,300,85,331,246,138,127,70,27,311,48,64,269,104,188,199,154,108,220,95,179,254,138,31,69,151,353,67,341,207,289,200,359
4,179,144,340,337,155,193,251,72,347,73,20,57,247,160,125,308,68,38,10,130,135,72,58,305,20,49,295,104,203,168,141,135,213,93,160,246,134,44,85,151,1,98,321,212,292,194,15
59,173,81,335,328,189,219,246,63,353,45,48,51,220,142,86,320,49,49,40,103,121,113,67,307,6,67,319,97,231,122,120,149,210,100,148,236,130,57,78,157,3,115,308,216,288,195,4
85,169,49,315,320,203,242,231,20,8,16,76,54,226,128,74,304,43,58,61,93,163,140,73,314,344,87,344,90,254,97,95,152,201,103,144,227,132,75,86,143,10,88,391,223,293,187,356
128,158,66,301,301,267,282,195,343,14,359,98,68,241,112,64,299,61,35,64,88,150,158,82,304,310,109,14,99,277,69,79,177,189,108,145,215,140,89,80,129,22,73,266,224,294,174,320
174,155,78,276,254,320,312,198,347,11,347,132,70,313,98,43,281,81,4,47,84,145,175,89,322,268,122,18,108,294,54,68,203,186,124,155,202,123,101,75,127,15,53,244,234,283,165,285
224,145,120,250,255,260,328,231,1,11,350,161,57,344,79,15,264,97,305,3,68,129,152,94,344,303,141,2,107,299,46,53,200,183,139,173,192,98,115,61,109,35,45,235,248,273,153,272
248,130,196,259,243,194,338,256,53,14,351,143,31,344,62,344,275,117,240,347,63,105,105,86,6,335,165,10,112,299,30,47,181,178,150,196,181,77,124,47,90,38,66,224,258,267,143,260
190,126,223,273,238,163,304,271,90,7,9,116,3,350,47,349,289,145,244,317,65,91,88,77,32,301,176,350,115,308,17,57,172,170,154,213,173,62,126,45,67,49,85,224,270,250,126,263
160,132,191,264,234,105,256,223,87,356,52,96,342,2,34,28,294,179,274,324,54,79,29,57,61,254,182,36,117,307,22,66,178,157,153,213,160,52,137,44,81,56,96,225,278,238,100,248
105,160,177,224,224,88,197,247,60,343,94,83,309,13,18,70,290,161,289,299,59,89,7,51,81,277,181,24,123,298,43,88,189,149,156,211,145,40,149,44,67,41,91,254,288,220,83,241
79,159,131,269,209,152,162,270,60,323,123,111,309,37,29,95,282,182,1,284,74,78,357,52,67,309,177,39,133,284,78,109,202,142,154,193,128,30,155,39,54,22,105,276,290,205,98,235
36,168,159,276,178,198,143,271,85,301,135,134,346,57,57,108,278,203,35,322,149,61,341,47,60,323,163,47,141,266,93,134,217,136,155,163,118,22,166,24,43,30,99,313,293,185,129,245
346,180,158,315,161,242,114,297,119,295,147,165,14,59,87,122,282,220,62,354,161,54,102,50,67,303,150,51,148,252,111,171,223,125,157,149,104,14,173,21,20,35,83,331,297,175,148,243
318,180,158,283,183,191,93,308,124,279,176,144,57,64,119,136,293,228,78,19,157,77,128,50,77,274,137,10,151,248,132,182,211,126,155,134,97,5,169,21,2,31,69,344,299,161,159,244
1,204,165,269,240,135,99,298,142,280,193,133,92,83,144,118,278,250,80,21,145,87,172,47,95,296,113,26,161,268,147,189,223,121,150,112,86,358,164,15,344,37,52,349,297,149,170,227
45,210,186,260,261,87,95,252,179,301,205,108,127,87,164,101,290,267,43,33,108,94,165,49,108,261,100,52,169,297,138,212,233,120,148,95,78,351,152,19,328,58,32,355,307,141,184,209
357,216,211,278,278,162,69,215,217,320,168,140,140,83,181,100,306,279,21,7,134,94,153,40,135,240,78,83,175,330,143,232,238,116,148,88,56,348,142,17,312,85,14,3,312,123,209,184
293,232,238,331,306,236,45,182,188,333,145,161,130,67,170,121,328,287,31,333,161,90,116,35,151,220,56,96,189,5,175,234,237,115,147,89,44,358,120,24,323,92,6,14,329,102,216,177
356,244,227,308,343,251,22,176,156,353,141,186,120,53,159,105,338,268,80,299,184,89,66,21,153,259,36,94,192,29,160,225,238,124,146,93,35,12,96,41,341,88,10,38,337,100,237,185
31,264,239,273,339,179,12,185,172,358,157,243,92,54,139,49,315,205,43,263,218,92,50,16,132,287,27,92,196,22,172,198,242,121,144,84,30,31,67,52,6,86,12,59,344,121,253,188
69,280,214,249,333,110,0,178,176,6,191,284,60,55,114,32,300,216,81,231,229,113,42,15,114,309,34,100,199,9,183,175,245,116,144,81,29,45,48,65,35,60,32,76,352,140,225,192
4,293,147,220,286,121,7,182,181,26,218,314,68,43,95,8,322,232,46,226,200,114,358,16,79,275,60,84,203,350,179,165,246,119,148,74,37,57,28,91,64,35,55,86,358,150,196,216
42,296,135,265,261,79,16,191,182,50,240,273,91,29,78,351,346,251,24,257,182,117,350,19,38,254,84,94,206,318,167,158,257,118,148,81,33,71,17,100,91,6,71,96,5,165,179,228
344,284,132,304,226,4,36,193,178,71,248,237,96,357,95,5,16,267,10,279,171,123,0,27,31,204,112,99,202,298,153,155,265,109,155,97,59,79,350,104,104,347,83,107,12,184,161,235
300,281,117,321,193,76,42,206,168,101,252,204,97,295,119,34,352,281,352,301,164,122,4,34,14,179,146,114,192,279,131,145,273,96,158,124,89,91,329,109,96,350,99,101,18,204,175,246
255,285,112,2,158,101,30,236,174,92,198,185,49,278,142,43,0,313,324,325,154,92,343,41,8,139,171,118,170,264,116,130,288,94,164,144,97,104,313,117,113,356,100,106,23,218,211,265
205,283,112,32,156,62,24,227,191,89,152,166,9,277,162,66,337,326,10,347,146,82,333,47,336,172,185,131,150,242,122,118,292,97,173,166,100,126,307,119,123,0,91,105,33,237,232,276
181,301,107,299,164,101,19,230,229,109,115,139,339,279,183,110,310,304,39,13,128,50,345,58,334,209,200,129,134,259,114,148,290,93,184,191,122,134,303,128,121,11,105,95,33,246,233,278
213,314,120,256,187,139,36,250,281,121,89,113,325,280,202,128,280,278,60,32,120,70,334,75,344,266,210,135,125,279,117,161,287,87,181,200,140,143,303,119,125,43,117,89,32,255,245,296
267,317,100,222,222,88,99,267,264,133,76,88,277,287,224,153,244,258,89,33,131,42,324,85,352,289,235,128,118,295,112,140,278,89,185,208,89,163,303,112,131,79,134,96,33,252,261,307
314,325,133,244,256,19,117,294,228,146,63,50,335,304,241,162,241,239,96,12,137,37,339,93,352,321,240,135,119,310,106,99,260,97,187,200,139,168,299,122,131,98,162,102,28,243,267,325
347,323,155,200,286,341,153,318,194,155,58,14,351,298,260,189,257,226,24,354,151,66,2,101,344,350,230,129,107,308,107,71,230,114,192,192,190,168,305,122,137,124,190,92,22,236,278,337
316,310,150,177,233,45,160,315,163,156,47,71,320,294,275,182,281,241,18,310,164,72,12,109,304,13,206,133,99,292,126,62,223,123,191,178,196,169,312,132,150,153,240,96,12,235,291,332
35,317,134,137,302,97,162,321,141,150,32,111,302,264,289,156,304,259,76,275,174,86,29,117,279,56,204,133,85,278,146,76,227,137,198,163,191,172,320,121,161,171,211,89,15,252,306,311
337,302,131,201,256,159,155,347,133,136,27,160,302,254,301,132,335,280,121,251,176,90,38,130,257,17,222,139,69,250,167,106,235,142,207,135,237,175,346,120,160,203,194,95,6,259,323,278
284,272,104,274,221,115,161,359,121,88,34,168,323,250,296,94,330,287,111,226,176,141,66,139,229,337,249,142,54,230,186,134,239,144,217,119,265,174,13,117,150,178,188,105,359,263,322,266
344,267,109,312,217,79,170,355,116,61,49,189,343,276,278,38,324,302,88,208,176,124,92,150,229,284,251,148,39,206,206,143,243,142,229,97,271,181,16,131,119,174,185,97,353,279,312,232
29,270,108,356,251,53,172,357,115,46,82,218,352,329,250,31,329,324,56,194,177,103,104,149,216,276,242,162,33,187,225,119,257,145,247,73,253,184,20,122,82,167,182,89,346,287,322,195
351,235,126,29,285,127,171,346,108,27,102,231,350,330,217,96,305,341,351,208,188,75,101,151,209,248,230,181,25,180,245,103,248,134,266,67,241,186,33,129,63,165,177,87,338,300,327,174
100,215,178,344,308,59,150,340,107,31,108,201,344,336,186,136,279,312,273,221,187,84,107,153,218,206,211,187,31,192,264,76,234,131,287,77,235,181,39,133,36,146,182,80,338,309,343,168
33,180,237,293,305,108,128,323,103,31,99,167,345,347,173,196,258,326,259,241,172,97,70,154,269,185,184,209,31,203,282,50,222,124,305,102,226,177,50,126,16,115,183,76,332,329,3,159
341,185,252,228,322,147,117,275,97,38,90,135,349,344,155,174,249,343,263,273,136,86,79,148,300,163,168,234,37,226,274,45,192,116,315,121,205,172,52,130,21,83,182,67,327,335,35,167
37,195,253,173,222,95,90,237,91,42,86,155,4,341,123,112,235,354,300,298,153,87,36,157,328,143,156,272,41,237,247,91,193,109,313,141,184,170,56,121,18,60,178,60,316,348,71,171
96,196,256,243,230,164,64,205,93,49,94,194,8,329,89,40,214,11,11,314,176,107,12,143,350,166,154,280,43,252,195,130,195,112,311,161,171,158,66,123,14,41,168,44,303,3,87,183
138,169,234,273,223,203,40,203,94,48,122,219,27,322,90,27,201,25,349,331,181,107,19,135,347,191,160,249,50,242,152,142,192,113,311,190,158,139,84,104,2,14,157,26,294,13,70,202
166,157,206,326,244,162,27,190,94,36,181,264,54,317,76,16,195,48,336,353,190,97,34,129,348,230,165,234,51,212,117,179,186,120,306,221,150,119,92,103,349,359,124,13,280,20,52,243
207,177,167,264,250,192,8,187,96,28,201,295,76,305,62,3,236,68,353,22,204,97,76,109,341,275,170,231,55,186,80,195,180,134,301,236,131,103,110,110,336,13,88,347,270,29,38,263
172,201,176,345,254,128,351,190,94,8,223,263,69,308,62,16,259,92,23,43,205,85,95,106,344,303,176,325,61,165,91,209,175,145,302,251,109,89,128,93,325,8,75,339,261,24,347,279
112,210,171,16,260,188,322,183,79,355,253,224,125,287,78,18,269,112,85,66,215,90,36,94,327,329,174,213,68,137,126,219,171,165,299,253,104,90,139,66,304,359,78,326,252,14,324,294
68,197,188,351,268,255,298,183,63,328,258,195,102,268,103,31,279,99,153,67,254,105,3,85,305,355,175,216,80,159,153,222,166,178,296,250,88,79,138,44,301,346,65,316,259,3,300,317
17,196,194,309,272,274,276,186,42,313,253,164,80,243,121,57,290,85,193,43,270,94,348,82,289,18,178,211,94,171,179,222,163,194,290,234,59,74,129,33,314,348,44,307,262,348,268,334
300,197,202,229,279,191,289,186,30,289,237,197,78,253,146,71,308,51,202,13,285,112,343,80,281,8,167,206,114,160,185,215,165,202,285,221,53,71,104,21,338,2,37,295,259,331,245,340
343,212,185,270,301,142,315,179,11,270,218,231,82,331,170,74,334,20,121,333,293,139,340,74,253,40,159,213,136,143,153,195,158,216,282,214,55,64,88,11,7,30,16,286,256,311,231,344
19,224,163,232,288,198,343,186,8,273,189,263,97,1,163,99,359,356,56,320,294,152,330,76,258,16,146,203,165,124,104,176,149,231,273,206,77,62,80,2,20,54,3,276,255,296,229,340
82,233,119,274,284,260,3,200,4,282,178,281,133,24,144,67,352,342,19,280,258,165,348,85,282,357,131,218,175,115,85,160,152,226,267,209,84,77,49,2,59,75,349,294,252,267,229,341
31,240,86,321,289,208,30,210,10,294,145,233,149,21,112,63,356,315,331,247,239,156,340,89,306,329,117,212,184,126,55,141,146,235,256,242,105,105,55,356,82,94,356,324,246,254,223,344
78,224,47,347,307,167,55,234,13,293,122,191,159,27,88,30,339,284,333,224,226,169,334,98,329,321,106,212,186,161,72,110,164,251,253,233,144,138,56,8,103,119,13,358,246,241,221,350
10,237,53,310,332,111,82,272,31,292,93,221,148,30,105,4,326,241,355,209,207,180,334,100,359,281,90,230,192,187,80,125,183,260,250,230,158,159,49,11,104,143,353,16,238,230,219,343
315,235,74,236,291,90,104,278,35,289,74,254,135,30,94,341,302,254,16,237,187,196,346,115,20,8,74,228,193,206,78,162,204,271,247,227,164,165,40,5,99,143,346,64,234,221,214,303
252,241,80,303,285,131,135,282,51,272,57,285,105,22,83,314,279,272,344,247,176,169,38,131,49,359,65,235,192,241,86,193,208,274,245,214,186,170,23,345,100,158,2,69,222,210,209,277
273,270,91,336,278,201,141,307,59,266,48,310,83,345,67,282,258,261,293,260,167,198,66,142,67,17,64,228,187,271,97,245,223,276,244,210,208,186,8,338,103,176,357,80,218,209,201,260
303,226,174,26,268,259,141,317,58,263,23,264,64,334,53,251,204,244,235,267,162,200,62,136,73,7,85,223,191,291,127,259,228,272,236,207,199,207,355,327,112,173,10,82,204,197,194,229
357,204,193,66,261,157,123,330,56,267,23,221,44,297,34,263,181,231,293,254,156,191,90,106,84,356,99,194,184,312,169,258,247,262,228,204,188,220,347,319,123,165,15,88,200,190,182,198
298,178,206,18,225,95,118,325,58,301,3,250,22,259,26,304,198,206,350,249,177,159,113,92,83,350,115,200,181,323,199,262,265,248,229,199,178,231,338,351,122,136,6,101,198,187,170,203
242,190,238,326,220,158,68,350,60,340,4,211,5,229,34,334,222,184,49,260,181,195,39,89,82,19,138,205,177,324,196,273,274,236,227,192,166,237,330,12,135,118,356,105,190,202,158,207
296,228,265,38,218,196,3,351,70,351,25,186,347,206,57,23,254,164,84,280,189,216,10,89,63,58,149,209,173,303,188,270,282,217,219,189,158,238,327,8,116,93,338,114,191,216,143,229
330,259,247,346,255,238,315,351,73,355,72,165,337,219,83,51,281,168,31,305,234,238,345,101,36,76,168,200,170,280,173,249,296,200,211,177,152,240,328,350,112,68,332,129,189,235,121,249
302,308,224,31,239,158,346,327,79,4,101,138,329,286,98,76,312,183,356,324,254,267,25,117,16,55,182,194,170,258,164,241,308,194,203,175,141,248,343,352,92,60,311,146,192,252,117,264
357,329,190,339,234,100,21,280,88,9,123,102,334,335,77,113,320,202,330,332,284,266,79,130,360,41,196,187,172,224,154,216,319,190,197,168,130,253,354,333,68,45,284,168,194,270,103,291
57,331,194,295,239,70,36,249,108,13,154,94,341,336,68,110,299,226,306,348,296,263,92,129,357,18,214,176,175,186,145,191,330,187,190,159,110,259,19,306,56,30,299,173,201,320,128,313
88,329,197,232,243,123,66,249,121,8,181,118,355,337,50,95,288,242,270,8,301,208,100,125,340,9,236,164,180,195,122,178,347,190,184,151,99,261,35,286,34,22,320,188,197,314,147,328
113,316,196,301,225,184,71,231,128,7,198,143,23,345,36,115,308,254,237,37,305,192,73,108,322,349,233,150,182,206,106,177,11,187,178,199,99,258,61,278,18,9,350,194,194,291,184,346
83,318,214,352,211,130,66,201,130,356,209,174,75,338,84,104,315,273,263,61,282,213,10,99,301,317,239,132,186,201,88,222,29,187,176,101,92,256,80,269,2,7,5,189,189,288,133,353
39,315,179,63,205,79,55,185,106,0,204,203,75,268,114,76,303,287,273,80,267,274,4,97,288,290,222,109,193,187,73,254,22,188,171,81,86,234,96,259,330,38,28,173,188,277,156,359
337,317,169,23,204,126,69,178,67,34,202,228,94,238,138,51,285,308,330,93,267,207,6,85,281,269,202,79,191,198,63,290,19,183,174,52,93,225,114,249,321,62,39,137,180,272,167,2
291,312,148,351,189,46,86,178,65,88,191,253,115,236,165,22,331,336,46,75,259,201,31,78,258,244,186,69,197,210,39,302,7,181,171,36,122,213,123,246,325,69,29,103,188,269,170,359
322,307,109,286,174,345,114,171,73,119,163,281,128,221,182,56,355,327,80,51,234,198,88,86,255,273,170,57,198,227,26,298,347,174,167,32,135,192,107,250,339,93,47,89,189,282,179,357
293,309,81,339,182,111,120,172,93,125,126,292,138,221,168,111,7,289,81,25,220,230,121,91,270,295,140,57,201,256,18,268,333,173,170,27,146,164,87,278,0,112,61,67,197,288,186,331
342,309,59,3,177,169,114,165,91,132,117,263,138,254,150,134,25,263,55,359,218,231,126,94,286,313,104,61,203,269,32,223,333,167,177,23,162,150,69,302,26,136,67,37,208,300,289,300
11,307,55,307,197,211,100,162,100,127,124,230,123,319,128,151,48,247,51,336,226,232,118,89,341,336,85,58,204,290,44,201,342,160,176,9,173,154,62,305,60,154,70,24,222,315,194,278
64,306,61,259,242,127,70,171,88,132,180,196,119,358,113,169,51,216,87,293,230,217,68,91,337,359,69,50,200,274,56,171,339,156,181,14,199,136,45,313,81,157,31,9,234,331,300,264
92,295,89,230,232,68,41,167,54,136,220,171,129,10,89,172,35,189,72,276,272,193,26,92,360,30,67,52,205,257,62,151,330,155,190,22,217,119,31,319,86,129,5,355,246,341,308,248
131,276,106,244,261,15,38,158,31,127,212,150,140,8,63,169,1,198,336,254,277,181,10,89,22,48,62,42,210,273,42,144,316,151,192,40,233,118,7,320,99,95,13,3,266,353,320,235
179,262,130,296,283,104,83,176,29,122,229,126,164,358,68,122,348,183,284,244,271,184,9,96,59,17,72,26,216,284,20,133,304,154,198,60,229,101,353,332,117,62,17,351,269,5,326,234
136,253,148,333,274,177,115,184,18,119,255,162,182,353,41,51,328,200,325,248,260,168,41,92,93,4,93,47,211,265,23,120,285,145,203,78,228,100,347,349,144,21,29,346,292,21,333,219
86,240,177,296,242,221,125,197,15,95,252,193,200,339,14,13,302,221,355,267,244,192,83,89,80,358,111,63,198,229,2,98,270,141,211,104,237,96,351,10,145,2,50,345,329,8,327,204
44,236,191,255,237,175,74,200,13,59,200,192,199,317,336,21,269,242,337,291,219,194,127,85,82,342,136,102,185,189,351,85,252,127,233,123,221,95,0,21,161,0,66,343,345,359,317,202
6,248,196,211,233,118,34,199,16,31,164,233,182,298,304,99,244,259,321,327,204,215,144,79,73,323,145,103,166,162,329,71,208,114,235,155,217,93,21,40,182,350,88,345,332,337,308,192
336,241,185,192,230,79,8,197,13,6,132,265,161,247,276,121,247,275,336,359,194,221,153,62,70,310,165,115,150,142,320,94,170,98,252,179,207,87,37,40,191,334,88,347,313,311,295,200
6,215,154,226,179,36,7,196,28,356,115,293,149,250,287,134,269,282,38,347,181,206,136,65,55,296,181,110,137,114,358,130,177,70,260,205,190,90,57,60,197,326,69,1,305,289,279,220
307,217,139,264,175,11,0,179,38,326,114,264,134,246,314,142,294,297,34,338,164,217,90,65,36,280,194,115,130,105,42,138,183,43,267,212,175,87,78,62,190,329,57,19,315,281,258,249
227,210,123,291,230,92,353,161,86,324,96,251,101,261,350,144,317,309,90,352,148,188,57,61,25,265,183,112,117,113,77,141,187,30,278,214,157,110,89,62,177,2,23,31,301,270,236,269
269,192,154,323,264,153,339,144,112,324,74,208,59,311,20,129,324,324,152,17,127,199,34,82,16,240,175,113,114,138,103,165,189,26,292,218,141,133,99,59,170,42,10,53,294,255,215,286
321,183,173,5,272,179,335,133,124,315,56,185,36,329,61,105,333,343,148,42,112,225,20,114,2,224,173,113,90,164,129,200,198,26,302,220,127,147,131,70,158,64,30,76,278,223,190,298
8,197,202,23,289,160,0,128,132,318,46,153,9,318,80,55,322,359,89,56,97,208,12,125,344,196,176,113,74,188,146,236,199,29,306,215,101,150,128,71,153,85,100,101,271,207,178,289
63,210,248,337,304,104,37,129,129,324,22,125,351,305,110,29,308,344,35,37,94,209,4,125,341,182,187,137,65,225,156,257,203,30,310,205,83,144,115,62,138,105,117,107,272,186,168,283
10,201,260,319,308,44,62,140,129,327,10,165,352,303,116,354,293,318,28,22,96,206,355,123,312,177,200,156,59,247,173,271,202,38,314,190,58,144,96,71,126,131,159,119,281,174,149,278
304,180,243,267,285,109,90,139,129,330,9,196,3,289,84,353,282,302,342,358,121,218,356,125,283,197,217,180,56,256,185,259,204,43,306,177,48,132,88,71,102,90,172,110,277,182,140,272
272,177,228,225,250,57,121,170,132,338,17,233,9,314,127,346,255,322,259,341,88,220,11,126,262,231,222,195,54,274,196,281,198,48,310,156,47,118,73,70,94,88,146,119,286,200,135,267
220,187,215,201,234,82,108,181,138,333,58,259,23,338,156,358,246,338,253,358,61,186,28,114,258,251,238,215,50,293,198,289,192,57,307,133,52,105,37,68,79,73,126,135,298,220,174,274
271,232,192,240,232,122,146,211,114,339,92,216,27,3,187,113,269,326,290,8,45,167,37,105,270,270,249,238,47,317,198,279,188,68,300,140,65,88,21,64,70,42,116,147,294,238,175,271
336,236,178,287,216,156,167,232,90,341,115,180,25,4,173,123,269,302,314,353,52,161,60,98,286,289,264,250,45,310,187,279,187,72,295,145,83,79,357,58,63,29,125,158,198,250,183,260
296,191,153,332,209,191,184,229,77,345,146,159,24,313,134,119,254,287,345,305,49,164,77,96,292,296,260,218,45,305,178,281,185,73,289,160,101,62,338,51,78,3,126,169,318,262,186,235
7,179,130,3,202,136,201,231,72,357,172,184,24,310,105,124,243,262,65,274,55,161,110,89,301,306,266,209,35,308,165,283,181,77,272,177,113,53,326,45,87,344,110,179,327,276,209,212
49,195,117,340,186,78,211,233,66,359,191,210,27,312,109,126,229,231,98,237,63,165,149,83,301,314,261,191,53,290,157,276,180,81,263,188,139,42,323,42,95,324,78,190,321,294,253,181
73,198,111,20,179,23,223,244,59,355,212,241,14,271,131,109,234,213,74,199,88,194,165,73,300,324,250,193,60,266,139,249,176,88,257,188,150,39,343,44,103,337,34,204,332,308,268,170
357,204,140,77,177,4,210,260,56,354,217,276,343,271,117,89,243,210,32,227,124,230,162,72,298,315,243,182,50,236,134,223,172,86,247,168,167,44,343,38,109,346,10,200,330,329,297,178
290,192,186,113,211,108,180,271,51,328,214,289,331,270,85,56,253,231,311,255,150,228,154,70,300,306,224,172,53,210,109,193,172,95,243,135,196,52,359,38,113,6,351,213,331,341,298,178
265,163,222,61,225,169,141,264,44,306,197,257,328,270,46,29,284,251,273,279,165,187,116,65,299,297,214,151,40,180,66,173,171,101,253,118,196,56,20,40,109,5,340,185,322,353,276,175
299,165,231,21,235,190,110,253,35,260,181,206,320,263,5,12,317,273,320,326,182,194,71,69,287,322,198,142,36,153,47,152,176,102,222,96,218,67,41,39,93,331,325,155,324,6,263,160
329,156,227,340,239,135,90,233,18,230,142,172,304,267,335,16,346,287,20,343,188,198,49,63,286,293,190,122,26,129,40,122,182,98,217,63,241,79,58,59,92,337,311,122,321,23,255,160
3,129,185,288,226,83,77,238,7,209,119,190,273,295,319,81,23,272,44,6,190,191,40,57,294,321,177,120,17,131,37,114,214,93,209,41,264,91,70,51,108,352,305,100,314,16,247,177
28,172,148,326,219,69,78,234,356,174,90,222,244,301,338,125,50,253,68,13,187,171,60,57,304,348,159,107,13,135,24,96,232,94,209,30,266,99,83,48,122,9,284,83,299,23,234,191
70,186,130,284,206,147,58,213,344,175,71,193,241,303,1,150,52,224,70,22,190,162,101,41,336,355,147,91,11,149,29,107,241,100,204,33,270,111,92,34,136,36,276,65,286,42,218,231
129,176,100,242,201,206,42,182,353,177,41,173,253,309,36,169,44,200,60,356,192,190,122,43,2,342,137,84,8,164,32,131,263,100,208,49,248,121,113,17,155,64,282,46,278,57,196,267
100,170,79,303,198,190,14,181,359,177,37,151,283,310,75,171,21,185,68,334,198,177,136,50,18,334,123,64,11,178,28,168,270,99,205,64,232,134,125,359,184,89,301,39,264,69,180,285
42,168,74,271,222,232,346,173,47,206,40,122,307,317,96,168,359,165,62,298,213,134,131,60,21,4,108,53,13,203,50,191,275,101,201,91,212,150,121,351,197,82,323,32,267,85,156,268
335,163,76,235,236,150,322,163,82,266,95,74,320,336,114,156,343,143,61,304,256,119,115,79,25,322,96,26,0,232,58,222,284,106,194,113,199,159,135,340,205,51,346,28,258,100,133,268
350,163,81,187,229,84,326,153,121,300,135,99,338,347,141,102,323,164,64,336,285,140,94,90,33,346,92,2,16,256,63,230,290,105,197,141,185,157,127,350,177,32,1,14,246,98,110,255
290,167,86,162,226,64,347,149,153,332,176,143,356,1,174,64,316,180,50,0,289,108,75,106,41,17,85,350,38,279,82,218,287,102,194,168,174,149,108,353,158,27,4,355,235,67,91,245
233,149,89,107,223,52,4,144,164,350,198,174,6,23,185,28,295,196,336,29,311,104,48,121,48,56,92,328,53,288,109,186,291,105,174,185,155,129,88,359,122,38,29,343,218,32,119,220
253,170,98,154,218,103,13,88,140,354,213,212,26,41,171,31,275,211,267,354,307,105,26,143,49,92,101,333,67,299,125,163,294,98,166,201,154,105,70,7,96,53,55,330,228,0,135,198
284,171,117,183,215,151,15,124,123,7,231,251,40,48,156,29,244,227,269,302,272,104,15,161,48,85,114,336,80,293,139,145,282,98,163,215,158,96,32,11,66,67,91,327,237,327,152,193
327,174,143,216,213,109,40,125,127,10,253,278,44,58,148,38,206,246,285,314,250,94,13,182,49,50,124,8,94,275,155,135,253,96,165,219,168,81,10,11,47,76,54,348,245,299,160,180
0,156,159,256,227,63,75,130,119,12,253,330,48,58,138,66,193,267,356,348,258,99,14,191,41,14,144,36,128,249,170,143,216,97,172,217,174,77,2,24,40,54,25,16,243,277,183,172
27,154,188,208,231,141,90,151,112,13,223,286,50,66,120,103,178,282,62,12,259,91,47,224,39,338,160,64,144,221,177,165,172,95,173,224,179,75,1,31,47,20,12,35,242,268,202,180
332,153,180,182,229,219,122,175,103,14,187,250,77,66,100,133,179,297,69,352,245,118,76,228,35,312,175,76,164,183,173,192,154,95,180,225,182,71,349,47,48,347,32,37,240,263,213,203
262,169,175,148,227,192,121,176,104,7,158,214,103,82,86,138,198,321,32,327,197,122,107,205,17,275,183,85,173,150,151,228,143,93,183,223,195,71,337,44,51,356,18,48,241,260,222,226
304,166,142,178,211,160,104,171,105,2,163,189,115,75,61,147,210,342,8,313,179,152,115,197,3,302,179,90,175,128,101,263,123,84,188,226,209,57,323,62,43,32,22,54,240,262,239,256
252,145,117,221,204,180,108,172,99,358,158,161,121,59,41,149,210,21,47,316,170,154,114,195,350,1,172,72,178,155,77,289,106,84,195,199,197,31,321,74,33,59,53,59,239,252,252,297
208,132,96,258,230,206,102,172,89,349,105,128,129,49,30,177,223,1,67,320,147,162,111,193,337,342,165,84,174,175,58,304,90,98,200,190,206,17,355,87,23,62,78,61,235,248,264,323
146,142,87,202,254,148,111,176,86,342,80,154,113,23,17,163,241,338,100,359,144,172,107,189,329,18,141,69,169,168,37,313,111,104,213,169,221,15,29,85,24,69,99,64,233,240,175,312
106,141,76,173,250,97,120,189,76,330,48,177,103,350,35,137,265,316,147,39,141,194,86,188,319,347,118,59,171,156,21,289,106,116,222,154,219,11,35,82,357,53,108,73,231,229,291,292
55,151,66,222,235,87,135,245,63,326,23,226,75,353,53,133,314,296,152,57,143,197,57,172,317,306,103,78,163,152,4,282,101,123,236,134,230,6,33,79,337,50,114,88,228,222,301,296
24,112,71,270,233,170,164,223,48,323,9,183,55,344,85,124,354,272,60,66,161,203,18,161,299,274,85,100,165,140,359,276,101,124,256,129,240,12,31,87,322,22,99,86,221,223,319,289
94,135,71,307,231,214,158,177,62,311,10,141,360,337,87,123,16,252,318,81,188,189,349,143,281,240,68,133,168,130,14,294,102,135,279,115,242,23,21,58,303,357,76,82,217,214,342,309
150,180,113,329,226,289,107,213,56,305,14,119,358,330,46,149,133,267,330,95,218,180,332,118,272,276,44,146,175,140,33,314,109,163,298,104,245,17,4,61,299,326,74,72,221,217,353,325
187,180,150,290,222,235,80,251,53,306,68,149,355,318,22,175,157,286,115,72,256,184,324,104,259,312,32,151,181,165,69,329,116,173,321,122,240,32,352,36,310,306,61,53,226,224,17,340
221,187,175,264,219,159,35,241,47,307,99,171,355,304,358,182,183,305,130,43,272,181,318,108,248,343,17,156,202,185,98,325,130,185,338,143,232,47,345,18,332,286,22,23,235,232,34,357